"city","county","leads","eb","score","city_level"
"三亚市","吉阳区",309,0.117568785056223,120,"三线"
"三亚市","天涯区",140,0.0911921531113689,100,"三线"
"三亚市","崖州区",35,0.0825750420292474,90,"三线"
"三亚市","海棠区",41,0.103027836227785,110,"三线"
"三明市","三元区",101,0.0790676519597738,80,"四线"
"三明市","大田县",41,0.0892461013381055,90,"四线"
"三明市","宁化县",38,0.0670762094366704,70,"四线"
"三明市","尤溪县",43,0.0766789559479907,80,"四线"
"三明市","永安市",81,0.0770868121230322,80,"四线"
"三明市","沙县",42,0.0829260700539745,90,"四线"
"三门峡市","义马市",37,0.078295935930593,80,"五线"
"三门峡市","渑池县",42,0.105035524497738,110,"五线"
"三门峡市","湖滨区",107,0.0804837951822514,80,"五线"
"三门峡市","灵宝市",142,0.0884995157197357,90,"五线"
"三门峡市","陕州区",53,0.0714633906294907,70,"五线"
"上海市","嘉定区",1013,0.142818444811013,150,"一线"
"上海市","奉贤区",616,0.143754901249566,150,"一线"
"上海市","宝山区",1040,0.143795847926486,150,"一线"
"上海市","崇明区",177,0.134346685343139,140,"一线"
"上海市","徐汇区",497,0.178993438271848,190,"一线"
"上海市","普陀区",526,0.164990490567747,170,"一线"
"上海市","杨浦区",485,0.164607959373956,170,"一线"
"上海市","松江区",1068,0.161298036373113,170,"一线"
"上海市","浦东新区",2781,0.171498280904064,180,"一线"
"上海市","虹口区",232,0.155351155688854,160,"一线"
"上海市","金山区",344,0.143968527309472,150,"一线"
"上海市","长宁区",203,0.153866772497571,160,"一线"
"上海市","闵行区",1372,0.160609379077752,170,"一线"
"上海市","青浦区",531,0.148622483168297,160,"一线"
"上海市","静安区",377,0.142488357711608,150,"一线"
"上海市","黄浦区",190,0.175718831434026,180,"一线"
"上饶市","万年县",55,0.100641033038591,110,"三线"
"上饶市","上饶县",62,0.0865806621024967,90,"三线"
"上饶市","余干县",177,0.0704531040968959,70,"三线"
"上饶市","信州区",189,0.06467434232239,70,"三线"
"上饶市","婺源县",52,0.0858447438482416,90,"三线"
"上饶市","广丰区",155,0.0863984230939288,90,"三线"
"上饶市","广信区",79,0.0843266602757657,90,"三线"
"上饶市","弋阳县",83,0.124930203259102,130,"三线"
"上饶市","德兴市",68,0.0940448887822348,100,"三线"
"上饶市","玉山县",180,0.0729942519215061,80,"三线"
"上饶市","鄱阳县",154,0.0867022703452206,90,"三线"
"上饶市","铅山县",59,0.0985149811227706,100,"三线"
"东莞市","万江区",109,0.110679270997981,120,"新一线"
"东莞市","万江街道",109,0.0939672181239017,100,"新一线"
"东莞市","东坑镇",95,0.126430493242921,130,"新一线"
"东莞市","东城区",199,0.135087679119496,140,"新一线"
"东莞市","东城街道",222,0.109241041419121,110,"新一线"
"东莞市","东莞市",75,0.0949162666344918,100,"新一线"
"东莞市","中堂镇",80,0.13544629312411,140,"新一线"
"东莞市","企石镇",77,0.122937571315783,130,"新一线"
"东莞市","凤岗镇",191,0.122891256665905,130,"新一线"
"东莞市","南城区",169,0.135263495680963,140,"新一线"
"东莞市","南城街道",249,0.1146463440105,120,"新一线"
"东莞市","厚街镇",288,0.0967875192932008,100,"新一线"
"东莞市","塘厦镇",342,0.12594709598544,130,"新一线"
"东莞市","大岭山镇",224,0.11426863249786,120,"新一线"
"东莞市","大朗镇",276,0.0922629521677205,100,"新一线"
"东莞市","寮步镇",354,0.104245012942755,110,"新一线"
"东莞市","常平镇",291,0.12220506491927,130,"新一线"
"东莞市","望牛墩镇",38,0.115777205943705,120,"新一线"
"东莞市","松山湖",118,0.134854546815082,140,"新一线"
"东莞市","桥头镇",171,0.127728933040992,130,"新一线"
"东莞市","樟木头镇",142,0.104611979711381,110,"新一线"
"东莞市","横沥镇",120,0.129782774679482,140,"新一线"
"东莞市","沙田镇",162,0.138502251472561,150,"新一线"
"东莞市","清溪镇",159,0.115745956678062,120,"新一线"
"东莞市","石排镇",86,0.13168995168987,140,"新一线"
"东莞市","石碣镇",134,0.107777863930848,110,"新一线"
"东莞市","石龙镇",87,0.0942767619551115,100,"新一线"
"东莞市","茶山镇",138,0.106171326477008,110,"新一线"
"东莞市","莞城区",62,0.142922490847847,150,"新一线"
"东莞市","莞城街道",105,0.112560386122385,120,"新一线"
"东莞市","虎门镇",453,0.129409645966279,140,"新一线"
"东莞市","谢岗镇",81,0.144268481282901,150,"新一线"
"东莞市","道滘镇",88,0.11216435157501,120,"新一线"
"东莞市","长安镇",453,0.108838742136515,110,"新一线"
"东莞市","高埗镇",84,0.0816003338699048,90,"新一线"
"东莞市","麻涌镇",81,0.0922216727684373,100,"新一线"
"东莞市","黄江镇",302,0.119095868045054,120,"新一线"
"东营市","东营区",651,0.127077989440625,130,"四线"
"东营市","利津县",87,0.0887615302443876,90,"四线"
"东营市","垦利区",105,0.0734747877181492,80,"四线"
"东营市","广饶县",217,0.0872097763825298,90,"四线"
"东营市","河口区",91,0.0916752826018484,100,"四线"
"中卫市","沙坡头区",52,0.077339309947962,80,"五线"
"中山市","三乡镇",100,0.078314462690862,80,"二线"
"中山市","三角镇",51,0.12153191997293,130,"二线"
"中山市","东凤镇",94,0.0982383422065977,100,"二线"
"中山市","东区街道",149,0.129013162885379,140,"二线"
"中山市","东升镇",52,0.0989293847467503,100,"二线"
"中山市","南区街道",46,0.119307114899722,120,"二线"
"中山市","南头镇",45,0.125690454041316,130,"二线"
"中山市","南朗镇",56,0.112904739871104,120,"二线"
"中山市","古镇",138,0.0970365937289913,100,"二线"
"中山市","坦洲镇",211,0.0997210333171767,100,"二线"
"中山市","小榄镇",231,0.102503887350976,110,"二线"
"中山市","横栏镇",105,0.106393824701474,110,"二线"
"中山市","民众镇",35,0.109100643961994,110,"二线"
"中山市","沙溪镇",94,0.151726621924281,160,"二线"
"中山市","港口镇",56,0.102172144360771,110,"二线"
"中山市","火炬开发区",80,0.142808898015484,150,"二线"
"中山市","火炬开发区街道",72,0.11386113162113,120,"二线"
"中山市","石岐区街道",110,0.145786798491602,150,"二线"
"中山市","西区街道",113,0.0987868216720227,100,"二线"
"中山市","黄圃镇",65,0.112822104567984,120,"二线"
"临夏回族自治州","临夏市",217,0.0607536880364584,60,"五线"
"临夏回族自治州","和政县",40,0.0769170673008004,80,"五线"
"临汾市","侯马市",46,0.0753745091196051,80,"四线"
"临汾市","尧都区",250,0.0796432294180087,80,"四线"
"临汾市","洪洞县",83,0.0716770005989781,80,"四线"
"临汾市","襄汾县",70,0.0713365983013573,70,"四线"
"临汾市","隰县",40,0.0780293479659834,80,"四线"
"临汾市","霍州市",58,0.0971188400775993,100,"四线"
"临沂市","临沭县",189,0.0709370985089009,70,"三线"
"临沂市","兰山区",1317,0.0826709388681741,90,"三线"
"临沂市","兰陵县",383,0.0382851934888503,40,"三线"
"临沂市","平邑县",552,0.0566479620163397,60,"三线"
"临沂市","沂南县",220,0.0817861618102844,90,"三线"
"临沂市","沂水县",547,0.0674005404752325,70,"三线"
"临沂市","河东区",487,0.0836701792434674,90,"三线"
"临沂市","罗庄区",547,0.0614951583984217,60,"三线"
"临沂市","莒南县",472,0.0691520863616918,70,"三线"
"临沂市","蒙阴县",230,0.0600908645274216,60,"三线"
"临沂市","费县",798,0.0739524616746299,80,"三线"
"临沂市","郯城县",364,0.0498709917569826,50,"三线"
"丹东市","东港市",35,0.0803888941109141,80,"四线"
"丹东市","振兴区",47,0.103142623568441,110,"四线"
"丽水市","云和县",51,0.0788105917930299,80,"四线"
"丽水市","庆元县",37,0.0913792845839891,100,"四线"
"丽水市","景宁畲族自治县",41,0.095082170354171,100,"四线"
"丽水市","松阳县",54,0.131773232640605,140,"四线"
"丽水市","缙云县",122,0.0923016640496312,100,"四线"
"丽水市","莲都区",160,0.0974421701609507,100,"四线"
"丽水市","遂昌县",34,0.105216598691428,110,"四线"
"丽水市","青田县",66,0.118626798837382,120,"四线"
"丽水市","龙泉市",58,0.123665415200454,130,"四线"
"乌兰察布市","丰镇市",54,0.0656512193583222,70,"五线"
"乌兰察布市","兴和县",35,0.0671472933860468,70,"五线"
"乌兰察布市","化德县",64,0.0622731991459189,70,"五线"
"乌兰察布市","集宁区",111,0.0915800646759765,100,"五线"
"乌海市","海勃湾区",99,0.135613373766227,140,"五线"
"乌鲁木齐市","天山区",406,0.137324286392954,140,"三线"
"乌鲁木齐市","头屯河区",307,0.134111981863972,140,"三线"
"乌鲁木齐市","新市区",757,0.166398752405732,170,"三线"
"乌鲁木齐市","水磨沟区",397,0.135875373885346,140,"三线"
"乌鲁木齐市","沙依巴克区",491,0.147507683590715,150,"三线"
"乌鲁木齐市","米东区",259,0.109551384080357,110,"三线"
"乐山市","夹江县",60,0.0803378174415194,80,"四线"
"乐山市","峨眉山市",42,0.0829260700539745,90,"四线"
"乐山市","市中区",118,0.101841521906572,110,"四线"
"九江市","修水县",75,0.0957088223155912,100,"三线"
"九江市","共青城市",36,0.0820786432987049,90,"三线"
"九江市","柴桑区",56,0.0786357722682523,80,"三线"
"九江市","武宁县",43,0.113376626624339,120,"三线"
"九江市","永修县",44,0.084048097683342,90,"三线"
"九江市","浔阳区",144,0.0862175677301321,90,"三线"
"九江市","湖口县",36,0.0820786432987049,90,"三线"
"九江市","濂溪区",172,0.0716182028297768,70,"三线"
"九江市","瑞昌市",57,0.0728783873864537,80,"三线"
"九江市","经济技术开发区",31,0.0722266173690185,80,"三线"
"九江市","都昌县",61,0.0765809902869265,80,"三线"
"云浮市","云城区",54,0.0765002531601282,80,"五线"
"云浮市","新兴县",63,0.0832833399936989,90,"五线"
"云浮市","罗定市",74,0.064119400793611,70,"五线"
"亳州市","利辛县",98,0.102002812584351,110,"四线"
"亳州市","涡阳县",78,0.0925957544915056,100,"四线"
"亳州市","蒙城县",72,0.0805154626506017,80,"四线"
"亳州市","谯城区",208,0.0806629352173875,80,"四线"
"伊犁哈萨克自治州","伊宁县",44,0.0636810941735429,70,"五线"
"伊犁哈萨克自治州","伊宁市",272,0.129496498933101,140,"五线"
"伊犁哈萨克自治州","奎屯市",124,0.102625784715085,110,"五线"
"伊犁哈萨克自治州","新源县",64,0.10858183165691,110,"五线"
"伊犁哈萨克自治州","霍城县",38,0.101591128564956,110,"五线"
"佛山市","三水区",418,0.0884308266023797,90,"新一线"
"佛山市","南海区",2104,0.122402982727552,130,"新一线"
"佛山市","禅城区",765,0.121171723077803,130,"新一线"
"佛山市","顺德区",1795,0.0989384073227131,100,"新一线"
"佛山市","高明区",203,0.0854688419857459,90,"新一线"
"佳木斯市","前进区",45,0.103238491228158,110,"五线"
"佳木斯市","同江市",44,0.0866236865797341,90,"五线"
"佳木斯市","向阳区",88,0.092067091731629,100,"五线"
"佳木斯市","富锦市",89,0.091647361430453,100,"五线"
"佳木斯市","桦南县",37,0.102198192879631,110,"五线"
"佳木斯市","桦川县",31,0.0812074997172386,90,"五线"
"佳木斯市","郊区",40,0.100398381937871,110,"五线"
"保定市","博野县",45,0.0971757637627403,100,"二线"
"保定市","唐县",81,0.0806233291011929,80,"二线"
"保定市","安国市",95,0.0889272484586437,90,"二线"
"保定市","安新县",88,0.0826184757031663,90,"二线"
"保定市","定兴县",113,0.0700214574305298,70,"二线"
"保定市","定州市",270,0.077531497644822,80,"二线"
"保定市","容城县",126,0.0937771176292247,100,"二线"
"保定市","徐水区",130,0.0692902644880837,70,"二线"
"保定市","易县",109,0.0879037126035082,90,"二线"
"保定市","曲阳县",92,0.085629635930304,90,"二线"
"保定市","望都县",153,0.0707242735883968,70,"二线"
"保定市","涞水县",132,0.0840089447448196,90,"二线"
"保定市","涞源县",41,0.099444261618773,100,"二线"
"保定市","涿州市",494,0.0929602989429615,100,"二线"
"保定市","清苑区",99,0.0960966568476798,100,"二线"
"保定市","满城区",90,0.0864068569892321,90,"二线"
"保定市","竞秀区",362,0.10366564795311,110,"二线"
"保定市","莲池区",463,0.0927610386602638,100,"二线"
"保定市","蠡县",88,0.0826184757031663,90,"二线"
"保定市","阜平县",36,0.0904103281612123,90,"二线"
"保定市","雄县",106,0.110174712916847,120,"二线"
"保定市","顺平县",58,0.0904685861093344,90,"二线"
"保定市","高碑店市",305,0.0942684391454643,100,"二线"
"保定市","高阳县",91,0.108605333608601,110,"二线"
"保山市","施甸县",35,0.0671472933860468,70,"五线"
"保山市","隆阳区",35,0.0792429789527611,80,"五线"
"信阳市","光山县",80,0.0791717476571776,80,"三线"
"信阳市","商城县",96,0.108919064555218,110,"三线"
"信阳市","固始县",142,0.0758353998877771,80,"三线"
"信阳市","平桥区",239,0.0884088090465041,90,"三线"
"信阳市","息县",70,0.0831234548502791,90,"三线"
"信阳市","新县",39,0.0747196289705119,80,"三线"
"信阳市","浉河区",186,0.100059473478015,100,"三线"
"信阳市","淮滨县",71,0.0727775798200319,80,"三线"
"信阳市","潢川县",102,0.0501559082593338,50,"三线"
"信阳市","罗山县",59,0.0773898808368304,80,"三线"
"儋州市","那大镇",66,0.0972898335106672,100,"五线"
"克孜勒苏柯尔克孜自治州","阿图什市",43,0.0928921312575781,100,"五线"
"克拉玛依市","克拉玛依区",90,0.132075883611074,140,"五线"
"克拉玛依市","独山子区",31,0.0998008261270957,100,"五线"
"六安市","叶集区",33,0.0774641816295637,80,"三线"
"六安市","舒城县",113,0.0766540892623454,80,"三线"
"六安市","裕安区",222,0.0841600284689954,90,"三线"
"六安市","金安区",204,0.121590707041883,130,"三线"
"六安市","金寨县",54,0.0957624451223306,100,"三线"
"六安市","霍山县",43,0.0845329489313986,90,"三线"
"六安市","霍邱县",99,0.103134161445723,110,"三线"
"六盘水市","盘州市",81,0.0809218337783096,80,"五线"
"六盘水市","钟山区",192,0.0840789055654649,90,"五线"
"兰州市","七里河区",242,0.123646615992776,130,"二线"
"兰州市","城关区",652,0.127870933739994,130,"二线"
"兰州市","安宁区",356,0.127562094088115,130,"二线"
"兰州市","榆中县",79,0.100500482996292,110,"二线"
"兰州市","永登县",88,0.105517678398405,110,"二线"
"兰州市","皋兰县",52,0.126349450471157,130,"二线"
"兰州市","红古区",33,0.0920707747532218,100,"二线"
"兰州市","西固区",141,0.147557988507892,150,"二线"
"兴安盟","乌兰浩特市",99,0.0920115516912193,100,"五线"
"兴安盟","扎赉特旗",67,0.0866624769418498,90,"五线"
"兴安盟","科尔沁右翼中旗",70,0.0604082501739603,60,"五线"
"兴安盟","科尔沁右翼前旗",55,0.070692264873655,70,"五线"
"内江市","东兴区",50,0.0892866343910501,90,"五线"
"内江市","资中县",44,0.0808880384781863,80,"五线"
"内江市","隆昌市",38,0.0778308526708179,80,"五线"
"凉山彝族自治州","西昌市",76,0.0828826414923669,90,"五线"
"包头市","东河区",100,0.0663871440315857,70,"四线"
"包头市","九原区",61,0.0955961892263458,100,"四线"
"包头市","昆都仑区",245,0.120667045681468,130,"四线"
"包头市","青山区",191,0.109825287780221,120,"四线"
"北京市","东城区",1013,0.145442317367486,150,"一线"
"北京市","丰台区",2093,0.149905089857503,160,"一线"
"北京市","大兴区",2194,0.141240117045648,150,"一线"
"北京市","密云区",412,0.111166981341577,120,"一线"
"北京市","平谷区",530,0.095845210810747,100,"一线"
"北京市","延庆区",282,0.114687567891332,120,"一线"
"北京市","怀柔区",362,0.128549697134411,130,"一线"
"北京市","房山区",1588,0.114232500833376,120,"一线"
"北京市","昌平区",2362,0.130917185633459,140,"一线"
"北京市","朝阳区",4163,0.148902716932926,160,"一线"
"北京市","海淀区",3671,0.166859539853768,170,"一线"
"北京市","石景山区",634,0.125978202119781,130,"一线"
"北京市","西城区",1316,0.173050453128869,180,"一线"
"北京市","通州区",2171,0.124836046994086,130,"一线"
"北京市","门头沟区",410,0.118981079467339,120,"一线"
"北京市","顺义区",1445,0.118888771463657,120,"一线"
"北海市","合浦县",106,0.0900880937950925,90,"四线"
"北海市","海城区",88,0.097514697667962,100,"四线"
"北海市","银海区",80,0.0964693718486662,100,"四线"
"十堰市","丹江口市",54,0.0829525805324785,90,"四线"
"十堰市","张湾区",85,0.112804093567174,120,"四线"
"十堰市","房县",33,0.075251266991584,80,"四线"
"十堰市","竹山县",273,0.0627055213849135,70,"四线"
"十堰市","茅箭区",244,0.112975455738807,120,"四线"
"南京市","六合区",516,0.12453176802088,130,"新一线"
"南京市","建邺区",235,0.149147809595908,160,"新一线"
"南京市","栖霞区",394,0.113456829360853,120,"新一线"
"南京市","江宁区",1026,0.125819268007405,130,"新一线"
"南京市","浦口区",779,0.123704961547522,130,"新一线"
"南京市","溧水区",234,0.108387757430135,110,"新一线"
"南京市","玄武区",248,0.151952312002104,160,"新一线"
"南京市","秦淮区",287,0.125772398410524,130,"新一线"
"南京市","雨花台区",285,0.131193259084584,140,"新一线"
"南京市","高淳区",170,0.0915300459598659,100,"新一线"
"南京市","鼓楼区",396,0.132024549531394,140,"新一线"
"南充市","仪陇县",76,0.0807064689188523,80,"三线"
"南充市","南部县",134,0.0856961935893618,90,"三线"
"南充市","嘉陵区",76,0.0855526460814438,90,"三线"
"南充市","营山县",112,0.0687177984077865,70,"三线"
"南充市","阆中市",63,0.0757888341155842,80,"三线"
"南充市","顺庆区",203,0.103956266375383,110,"三线"
"南充市","高坪区",87,0.0674200879954891,70,"三线"
"南宁市","兴宁区",679,0.0704759652532024,70,"二线"
"南宁市","宾阳县",79,0.114830674543039,120,"二线"
"南宁市","横县",52,0.104413397891632,110,"二线"
"南宁市","武鸣区",118,0.0967979444366316,100,"二线"
"南宁市","江南区",480,0.108199868714536,110,"二线"
"南宁市","良庆区",187,0.100960381083546,110,"二线"
"南宁市","西乡塘区",494,0.0993669802039187,100,"二线"
"南宁市","邕宁区",97,0.0881449485049832,90,"二线"
"南宁市","青秀区",600,0.143821254886139,150,"二线"
"南宁市","马山县",45,0.108581639874171,110,"二线"
"南平市","延平区",85,0.089585883776606,90,"四线"
"南平市","建瓯市",61,0.100822263624945,110,"四线"
"南平市","建阳区",77,0.0737511057781409,80,"四线"
"南平市","政和县",38,0.0848964163572736,90,"四线"
"南平市","武夷山市",146,0.0879041688691008,90,"四线"
"南平市","浦城县",46,0.0867157070815808,90,"四线"
"南平市","邵武市",36,0.0799056373785447,80,"四线"
"南昌市","东湖区",232,0.107740552088771,110,"二线"
"南昌市","南昌县",605,0.0707686448637244,70,"二线"
"南昌市","安义县",46,0.113636515918734,120,"二线"
"南昌市","新建区",293,0.111113251622909,120,"二线"
"南昌市","红谷滩区",226,0.115167117487377,120,"二线"
"南昌市","经济技术开发区",126,0.117182781031905,120,"二线"
"南昌市","西湖区",332,0.106066369759937,110,"二线"
"南昌市","进贤县",125,0.0980605903916339,100,"二线"
"南昌市","青云谱区",168,0.0772238462627707,80,"二线"
"南昌市","青山湖区",391,0.099817348987978,100,"二线"
"南昌市","高新区",153,0.106016537743017,110,"二线"
"南通市","启东市",243,0.128672362242411,130,"二线"
"南通市","如东县",163,0.116038192850752,120,"二线"
"南通市","如皋市",361,0.0875948978527822,90,"二线"
"南通市","崇川区",1192,0.158838341084821,170,"二线"
"南通市","海安县",116,0.0894652177845177,90,"二线"
"南通市","海安市",134,0.109853576032528,120,"二线"
"南通市","海门区",137,0.116101754203545,120,"二线"
"南通市","海门市",182,0.108979642269733,110,"二线"
"南通市","港闸区",285,0.130106726870444,140,"二线"
"南通市","通州区",340,0.117018827733885,120,"二线"
"南阳市","内乡县",76,0.0758602917562608,80,"三线"
"南阳市","南召县",47,0.0769877260672146,80,"三线"
"南阳市","卧龙区",475,0.0638535553883743,70,"三线"
"南阳市","唐河县",102,0.075979218490907,80,"三线"
"南阳市","宛城区",493,0.0876775363999954,90,"三线"
"南阳市","新野县",87,0.0582182640309676,60,"三线"
"南阳市","方城县",91,0.0571661974594812,60,"三线"
"南阳市","桐柏县",48,0.070949046426476,70,"三线"
"南阳市","淅川县",88,0.0579516336652457,60,"三线"
"南阳市","社旗县",71,0.0827106205201961,90,"三线"
"南阳市","西峡县",162,0.0843296950030887,90,"三线"
"南阳市","邓州市",191,0.073607490833565,80,"三线"
"南阳市","镇平县",171,0.0619006015114609,60,"三线"
"博尔塔拉蒙古自治州","博乐市",60,0.089849464239027,90,"五线"
"厦门市","同安区",963,0.135400227248607,140,"二线"
"厦门市","思明区",804,0.148809185441033,160,"二线"
"厦门市","海沧区",359,0.149258941903139,160,"二线"
"厦门市","湖里区",532,0.131410630837187,140,"二线"
"厦门市","翔安区",387,0.123784319533995,130,"二线"
"厦门市","集美区",561,0.146148633346149,150,"二线"
"双鸭山市","宝清县",37,0.0723203716933335,80,"五线"
"台州市","三门县",100,0.104361983996918,110,"二线"
"台州市","临海市",522,0.121161666322752,130,"二线"
"台州市","仙居县",244,0.122986019192682,130,"二线"
"台州市","天台县",132,0.103067584148263,110,"二线"
"台州市","椒江区",403,0.150070056565717,160,"二线"
"台州市","温岭市",512,0.133945412724055,140,"二线"
"台州市","玉环市",191,0.158829563771068,170,"二线"
"台州市","路桥区",271,0.114712349580671,120,"二线"
"台州市","黄岩区",239,0.132773341733963,140,"二线"
"合肥市","包河区",1072,0.130986085408304,140,"新一线"
"合肥市","巢湖市",146,0.117572266428175,120,"新一线"
"合肥市","庐江县",161,0.080628212899808,80,"新一线"
"合肥市","庐阳区",728,0.134550155714735,140,"新一线"
"合肥市","瑶海区",670,0.109316025586286,110,"新一线"
"合肥市","经济技术开发区",232,0.131064219484637,140,"新一线"
"合肥市","肥东县",210,0.095463658972491,100,"新一线"
"合肥市","肥西县",322,0.0873019603199749,90,"新一线"
"合肥市","蜀山区",792,0.125213974607286,130,"新一线"
"合肥市","长丰县",259,0.103996588095601,110,"新一线"
"合肥市","高新技术开发区",142,0.119299059710934,120,"新一线"
"吉安市","万安县",93,0.0863770509910064,90,"四线"
"吉安市","井冈山市",38,0.090836485330808,100,"四线"
"吉安市","吉安县",73,0.0997902055613618,100,"四线"
"吉安市","吉州区",172,0.123341757482401,130,"四线"
"吉安市","吉水县",53,0.110675526299924,120,"四线"
"吉安市","安福县",37,0.103330413058508,110,"四线"
"吉安市","新干县",34,0.0930473152114406,100,"四线"
"吉安市","永丰县",40,0.0897700052845188,90,"四线"
"吉安市","永新县",45,0.0815073033318094,90,"四线"
"吉安市","泰和县",65,0.114114993046123,120,"四线"
"吉安市","遂川县",47,0.103142623568441,110,"四线"
"吉安市","青原区",75,0.0988182934727101,100,"四线"
"吉林市","丰满区",66,0.0829758505868777,90,"四线"
"吉林市","昌邑区",82,0.0908515297024615,100,"四线"
"吉林市","桦甸市",72,0.0903994145027529,90,"四线"
"吉林市","船营区",52,0.094830432906325,100,"四线"
"吉林市","龙潭区",36,0.0919286098976747,100,"四线"
"吕梁市","临县",32,0.0880339839783522,90,"四线"
"吕梁市","交城县",41,0.0775739633059753,80,"四线"
"吕梁市","孝义市",128,0.0630627934540626,70,"四线"
"吕梁市","文水县",61,0.0851440404291479,90,"四线"
"吕梁市","柳林县",42,0.0713216561820914,70,"四线"
"吕梁市","汾阳市",65,0.0936387371976037,100,"四线"
"吕梁市","离石区",182,0.0841757976833382,90,"四线"
"吴忠市","利通区",38,0.0659507147237495,70,"五线"
"周口市","商水县",105,0.0622636367708802,70,"三线"
"周口市","太康县",181,0.0823953199886615,90,"三线"
"周口市","川汇区",253,0.0590941469984624,60,"三线"
"周口市","扶沟县",79,0.0843266602757657,90,"三线"
"周口市","沈丘县",228,0.0520544960954572,50,"三线"
"周口市","淮阳区",92,0.0838937960667283,90,"三线"
"周口市","淮阳县",47,0.0657104768630841,70,"三线"
"周口市","西华县",98,0.0641723246061781,70,"三线"
"周口市","郸城县",184,0.0688842333114564,70,"三线"
"周口市","项城市",177,0.0671994655333867,70,"三线"
"周口市","鹿邑县",224,0.0639304357039537,70,"三线"
"呼伦贝尔市","新巴尔虎右旗",41,0.08814031201965,90,"五线"
"呼伦贝尔市","海拉尔区",77,0.135533769621773,140,"五线"
"呼伦贝尔市","满洲里市",32,0.0868668936843631,90,"五线"
"呼伦贝尔市","鄂伦春自治旗",41,0.08814031201965,90,"五线"
"呼伦贝尔市","阿荣旗",33,0.0679694302424074,70,"五线"
"呼和浩特市","和林格尔县",77,0.0803172373574084,80,"三线"
"呼和浩特市","回民区",266,0.107616571048874,110,"三线"
"呼和浩特市","土默特左旗",381,0.0579910810233255,60,"三线"
"呼和浩特市","托克托县",75,0.0859692683865836,90,"三线"
"呼和浩特市","新城区",795,0.112015816495701,120,"三线"
"呼和浩特市","玉泉区",374,0.0786235275905903,80,"三线"
"呼和浩特市","赛罕区",1006,0.11057670015697,120,"三线"
"和田地区","和田市",45,0.103238491228158,110,"五线"
"和田地区","墨玉县",42,0.081826696753972,90,"五线"
"咸宁市","咸安区",137,0.0983442517963891,100,"四线"
"咸宁市","嘉鱼县",80,0.0917153500142523,100,"四线"
"咸宁市","崇阳县",38,0.090836485330808,100,"四线"
"咸宁市","赤壁市",71,0.0858818646844343,90,"四线"
"咸宁市","通城县",52,0.0893464197614437,90,"四线"
"咸宁市","通山县",42,0.0829260700539745,90,"四线"
"咸阳市","三原县",87,0.0674200879954891,70,"三线"
"咸阳市","乾县",50,0.0757070747445987,80,"三线"
"咸阳市","兴平市",85,0.0726898794524738,80,"三线"
"咸阳市","旬邑县",42,0.0676168057861792,70,"三线"
"咸阳市","杨陵区",173,0.0713821104460638,70,"三线"
"咸阳市","武功县",41,0.0913556981956542,100,"三线"
"咸阳市","泾阳县",131,0.0943325203895105,100,"三线"
"咸阳市","渭城区",172,0.0848479816770342,90,"三线"
"咸阳市","礼泉县",41,0.0738474911474585,80,"三线"
"咸阳市","秦都区",546,0.117770157572552,120,"三线"
"咸阳市","长武县",37,0.0636614843813878,70,"三线"
"哈密市","伊州区",103,0.0732925474164655,80,"五线"
"哈尔滨市","五常市",63,0.0933010770821021,100,"二线"
"哈尔滨市","依兰县",37,0.101821203912092,110,"二线"
"哈尔滨市","南岗区",579,0.10437694091832,110,"二线"
"哈尔滨市","双城区",53,0.103843916488592,110,"二线"
"哈尔滨市","呼兰区",68,0.101032402649493,110,"二线"
"哈尔滨市","宾县",36,0.0904103281612123,90,"二线"
"哈尔滨市","尚志市",67,0.111678723510268,120,"二线"
"哈尔滨市","平房区",76,0.121346321083237,130,"二线"
"哈尔滨市","松北区",218,0.106329227868788,110,"二线"
"哈尔滨市","道外区",198,0.091487010851433,100,"二线"
"哈尔滨市","道里区",377,0.094687623397721,100,"二线"
"哈尔滨市","阿城区",73,0.103465854009294,110,"二线"
"哈尔滨市","香坊区",361,0.0875948978527822,90,"二线"
"唐山市","丰南区",104,0.0881322514498283,90,"三线"
"唐山市","丰润区",160,0.0780223008997653,80,"三线"
"唐山市","乐亭县",86,0.0769760720924481,80,"三线"
"唐山市","古冶区",79,0.0891033907913479,90,"三线"
"唐山市","开平区",51,0.080803860134495,80,"三线"
"唐山市","曹妃甸区",134,0.100827750358487,110,"三线"
"唐山市","滦南县",75,0.0713599374930722,70,"三线"
"唐山市","滦州市",56,0.0786357722682523,80,"三线"
"唐山市","玉田县",102,0.075979218490907,80,"三线"
"唐山市","路北区",378,0.111446512790908,120,"三线"
"唐山市","路南区",133,0.089818857567197,90,"三线"
"唐山市","迁安市",203,0.079957337702452,80,"三线"
"唐山市","迁西县",46,0.0830948915691878,90,"三线"
"唐山市","遵化市",129,0.0834925191385076,90,"三线"
"商丘市","夏邑县",127,0.0763698158700166,80,"三线"
"商丘市","宁陵县",58,0.0831100831184781,90,"三线"
"商丘市","柘城县",109,0.0946471893291915,100,"三线"
"商丘市","梁园区",229,0.0741721669351253,80,"三线"
"商丘市","民权县",91,0.075237271700493,80,"三线"
"商丘市","永城市",311,0.0603913981405859,60,"三线"
"商丘市","睢县",85,0.0866208053268145,90,"三线"
"商丘市","睢阳区",249,0.0808060631061716,80,"三线"
"商丘市","虞城县",102,0.0630675633751204,70,"三线"
"商洛市","商州区",72,0.0795790816420706,80,"五线"
"商洛市","洛南县",32,0.0745476943757427,80,"五线"
"商洛市","镇安县",31,0.0688119487773336,70,"五线"
"喀什地区","伽师县",31,0.0874052751871911,90,"五线"
"喀什地区","喀什市",144,0.146174398177984,150,"五线"
"喀什地区","巴楚县",94,0.107434263126523,110,"五线"
"嘉兴市","南湖区",320,0.142200178994349,150,"二线"
"嘉兴市","嘉善县",237,0.130774003532603,140,"二线"
"嘉兴市","平湖市",237,0.130774003532603,140,"二线"
"嘉兴市","桐乡市",320,0.128877155121701,130,"二线"
"嘉兴市","海宁市",318,0.109378369522162,110,"二线"
"嘉兴市","海盐县",227,0.123240007663414,130,"二线"
"嘉兴市","秀洲区",175,0.131127659503828,140,"二线"
"嘉峪关市","市辖区",33,0.098578886517667,100,"五线"
"四平市","公主岭市",76,0.0828826414923669,90,"五线"
"四平市","铁西区",35,0.0671472933860468,70,"五线"
"固原市","原州区",62,0.0993130357379204,100,"五线"
"塔城地区","乌苏市",32,0.0868668936843631,90,"五线"
"塔城地区","塔城市",40,0.112139039256407,120,"五线"
"塔城地区","额敏县",37,0.102198192879631,110,"五线"
"大同市","云冈区",53,0.0997673207527686,100,"四线"
"大同市","城区",123,0.0800959270490064,80,"四线"
"大同市","天镇县",33,0.075251266991584,80,"四线"
"大同市","平城区",143,0.0815522433492457,90,"四线"
"大同市","浑源县",62,0.0691046710809912,70,"四线"
"大同市","灵丘县",71,0.0908483850345164,100,"四线"
"大同市","矿区",49,0.0629622108122119,70,"四线"
"大庆市","萨尔图区",189,0.0959881232549446,100,"三线"
"大庆市","让胡路区",159,0.105940297012701,110,"三线"
"大庆市","龙凤区",113,0.0930914402574842,100,"三线"
"大理白族自治州","大理市",103,0.116958941384871,120,"四线"
"大连市","中山区",208,0.136071640791245,140,"二线"
"大连市","庄河市",105,0.097895778466428,100,"二线"
"大连市","旅顺口区",245,0.0986806257204527,100,"二线"
"大连市","普兰店区",129,0.0926923546033013,100,"二线"
"大连市","沙河口区",284,0.0990461530521824,100,"二线"
"大连市","瓦房店市",217,0.106635344968931,110,"二线"
"大连市","甘井子区",942,0.107278209748133,110,"二线"
"大连市","西岗区",137,0.104880433663287,110,"二线"
"大连市","金州区",638,0.0937590474028373,100,"二线"
"天水市","武山县",225,0.0818990609675611,90,"五线"
"天水市","秦州区",81,0.0809218337783096,80,"五线"
"天水市","麦积区",64,0.0828548135952482,90,"五线"
"天津市","东丽区",483,0.129601560800974,140,"新一线"
"天津市","北辰区",439,0.104489457197705,110,"新一线"
"天津市","南开区",567,0.135500290894273,140,"新一线"
"天津市","和平区",238,0.142503435227249,150,"新一线"
"天津市","宁河区",87,0.0988776739373722,100,"新一线"
"天津市","宝坻区",283,0.102796829398093,110,"新一线"
"天津市","武清区",755,0.0988208757314284,100,"新一线"
"天津市","河东区",422,0.116757661577202,120,"新一线"
"天津市","河北区",295,0.0975456919025637,100,"新一线"
"天津市","河西区",581,0.114558361486197,120,"新一线"
"天津市","津南区",499,0.115184065402401,120,"新一线"
"天津市","滨海新区",1349,0.122683006021264,130,"新一线"
"天津市","红桥区",184,0.125627835910219,130,"新一线"
"天津市","蓟州区",229,0.0904161606070247,90,"新一线"
"天津市","西青区",606,0.113385059207101,120,"新一线"
"天津市","静海区",246,0.0863319782593508,90,"新一线"
"太原市","万柏林区",542,0.0863237165004093,90,"二线"
"太原市","古交市",81,0.118475553475348,120,"二线"
"太原市","娄烦县",57,0.0909514761481548,100,"二线"
"太原市","小店区",821,0.0977976257809723,100,"二线"
"太原市","尖草坪区",272,0.0995147865151402,100,"二线"
"太原市","晋源区",213,0.113702634921764,120,"二线"
"太原市","杏花岭区",466,0.0855869027798475,90,"二线"
"太原市","清徐县",197,0.0795470862467467,80,"二线"
"太原市","迎泽区",345,0.0968544642932742,100,"二线"
"太原市","阳曲县",33,0.110436448518377,120,"二线"
"威海市","乳山市",91,0.0887905773812518,90,"三线"
"威海市","文登区",172,0.0947703158124773,100,"三线"
"威海市","环翠区",605,0.131439274486331,140,"三线"
"威海市","经济技术开发区",136,0.0963161544865072,100,"三线"
"威海市","荣成市",209,0.108011871641108,110,"三线"
"娄底市","双峰县",88,0.0791953355117709,80,"四线"
"娄底市","娄星区",204,0.0846188461129921,90,"四线"
"娄底市","新化县",94,0.0815346810258164,90,"四线"
"娄底市","涟源市",65,0.0731624813490844,80,"四线"
"孝感市","云梦县",167,0.0716068200854793,70,"四线"
"孝感市","大悟县",45,0.075804365276094,80,"四线"
"孝感市","孝南区",151,0.0898962879893967,90,"四线"
"孝感市","孝昌县",52,0.0838624066165624,90,"四线"
"孝感市","安陆市",31,0.0885795988447754,90,"四线"
"孝感市","应城市",44,0.076239152439879,80,"四线"
"孝感市","汉川市",149,0.090539902543792,90,"四线"
"宁德市","古田县",113,0.0766540892623454,80,"三线"
"宁德市","周宁县",31,0.0846221683089234,90,"三线"
"宁德市","寿宁县",37,0.0756126128559069,80,"三线"
"宁德市","屏南县",34,0.0830774815766596,90,"三线"
"宁德市","福安市",175,0.0971141613659355,100,"三线"
"宁德市","福鼎市",161,0.142968563892692,150,"三线"
"宁德市","蕉城区",477,0.114684844920406,120,"三线"
"宁德市","霞浦县",134,0.100827750358487,110,"三线"
"宁波市","余姚市",391,0.132425113929882,140,"二线"
"宁波市","北仑区",552,0.133421022827721,140,"二线"
"宁波市","奉化区",127,0.143927933540583,150,"二线"
"宁波市","宁海县",251,0.123350772089674,130,"二线"
"宁波市","慈溪市",882,0.112648587758557,120,"二线"
"宁波市","江北区",247,0.153809119780075,160,"二线"
"宁波市","海曙区",334,0.144373542570759,150,"二线"
"宁波市","象山县",143,0.120869992700144,130,"二线"
"宁波市","鄞州区",679,0.158200876252187,170,"二线"
"宁波市","镇海区",276,0.157597829746252,170,"二线"
"安庆市","大观区",63,0.117164959881222,120,"三线"
"安庆市","太湖县",47,0.0713491014651494,70,"三线"
"安庆市","宜秀区",110,0.065128987030829,70,"三线"
"安庆市","宿松县",77,0.0706716273670798,70,"三线"
"安庆市","怀宁县",70,0.0831234548502791,90,"三线"
"安庆市","望江县",72,0.0773598906986789,80,"三线"
"安庆市","桐城市",198,0.0720382651926528,80,"三线"
"安庆市","迎江区",123,0.0973112671214127,100,"三线"
"安康市","汉滨区",112,0.0664444138878352,70,"五线"
"安阳市","内黄县",78,0.0973954116760253,100,"四线"
"安阳市","北关区",97,0.084857319656487,90,"四线"
"安阳市","安阳县",49,0.068537956342434,70,"四线"
"安阳市","文峰区",166,0.0954693119007931,100,"四线"
"安阳市","林州市",89,0.0605984421536015,60,"四线"
"安阳市","殷都区",69,0.0967761871907711,100,"四线"
"安阳市","汤阴县",60,0.0855913471773732,90,"四线"
"安阳市","滑县",96,0.0719783018160128,80,"四线"
"安阳市","龙安区",46,0.0923863060625687,100,"四线"
"安顺市","西秀区",103,0.0904343113893496,90,"五线"
"定西市","临洮县",31,0.0874052751871911,90,"五线"
"定西市","安定区",292,0.0594359919153608,60,"五线"
"定西市","陇西县",51,0.077765778499475,80,"五线"
"宜宾市","南溪区",31,0.082381823374823,90,"四线"
"宜宾市","叙州区",64,0.0992659499065668,100,"四线"
"宜宾市","宜宾县",83,0.076364173664112,80,"四线"
"宜宾市","江安县",32,0.0880339839783522,90,"四线"
"宜宾市","翠屏区",187,0.108058462491922,110,"四线"
"宜昌市","伍家岗区",127,0.0957987442127395,100,"三线"
"宜昌市","夷陵区",76,0.0758602917562608,80,"三线"
"宜昌市","宜都市",47,0.0769877260672146,80,"三线"
"宜昌市","当阳市",42,0.085023426594004,90,"三线"
"宜昌市","枝江市",92,0.0659039955807573,70,"三线"
"宜昌市","秭归县",814,0.0568155209204073,60,"三线"
"宜昌市","西陵区",127,0.0802556015385612,80,"三线"
"宜春市","万载县",73,0.0818971329652257,90,"三线"
"宜春市","上高县",80,0.0744177258227637,80,"三线"
"宜春市","丰城市",114,0.0558777798483727,60,"三线"
"宜春市","奉新县",43,0.0729954778542228,80,"三线"
"宜春市","樟树市",79,0.0891033907913479,90,"三线"
"宜春市","袁州区",248,0.0810196390137993,80,"三线"
"宜春市","铜鼓县",36,0.0820786432987049,90,"三线"
"宜春市","高安市",238,0.0615005987536036,60,"三线"
"宝鸡市","岐山县",49,0.0796894474028782,80,"四线"
"宝鸡市","渭滨区",114,0.0830460748442245,90,"四线"
"宝鸡市","眉县",72,0.0656895348723748,70,"四线"
"宝鸡市","金台区",88,0.0837751760508186,90,"四线"
"宝鸡市","陈仓区",44,0.0647678562367835,70,"四线"
"宣城市","宁国市",36,0.10996306867637,120,"四线"
"宣城市","宣州区",88,0.0837751760508186,90,"四线"
"宣城市","广德县",34,0.0991319569514344,100,"四线"
"宿州市","埇桥区",258,0.107258471212798,110,"三线"
"宿州市","泗县",63,0.106820928439812,110,"三线"
"宿州市","灵璧县",78,0.0895310565211246,90,"三线"
"宿州市","砀山县",101,0.06766266072689,70,"三线"
"宿州市","萧县",86,0.0862204285272588,90,"三线"
"宿迁市","宿城区",480,0.105929097928432,110,"三线"
"宿迁市","宿豫区",184,0.072065418878691,80,"三线"
"宿迁市","沭阳县",445,0.0793495740633824,80,"三线"
"宿迁市","泗洪县",167,0.0761855449300694,80,"三线"
"宿迁市","泗阳县",207,0.0760449726806861,80,"三线"
"岳阳市","临湘市",56,0.0732694745130857,80,"三线"
"岳阳市","华容县",57,0.0782160416992635,80,"三线"
"岳阳市","岳阳县",91,0.075237271700493,80,"三线"
"岳阳市","岳阳楼区",618,0.0863951226350724,90,"三线"
"岳阳市","平江县",129,0.0565017799140193,60,"三线"
"岳阳市","汨罗市",100,0.0679564014930414,70,"三线"
"岳阳市","湘阴县",74,0.081496360521237,90,"三线"
"崇左市","天等县",57,0.0752752574414946,80,"五线"
"崇左市","宁明县",94,0.06731805333826,70,"五线"
"崇左市","江州区",58,0.0961128574844659,100,"五线"
"巴中市","南江县",33,0.0802132127525114,80,"五线"
"巴中市","巴州区",222,0.0570534608461945,60,"五线"
"巴中市","平昌县",32,0.0745476943757427,80,"五线"
"巴中市","通江县",41,0.08814031201965,90,"五线"
"巴彦淖尔市","临河区",143,0.106467441760556,110,"五线"
"巴彦淖尔市","乌拉特中旗",45,0.0861296770610121,90,"五线"
"巴彦淖尔市","乌拉特前旗",44,0.0923593346812818,100,"五线"
"巴彦淖尔市","五原县",38,0.0718907836972834,80,"五线"
"巴彦淖尔市","杭锦后旗",31,0.0812074997172386,90,"五线"
"巴音郭楞蒙古自治州","和静县",82,0.0805407529468337,80,"五线"
"巴音郭楞蒙古自治州","库尔勒市",338,0.145410365699192,150,"五线"
"常州市","天宁区",205,0.134306952465105,140,"二线"
"常州市","新北区",405,0.145773525719147,150,"二线"
"常州市","武进区",604,0.138952604083125,150,"二线"
"常州市","溧阳市",275,0.108646331978551,110,"二线"
"常州市","金坛区",142,0.117642029513339,120,"二线"
"常州市","钟楼区",247,0.137908686745797,140,"二线"
"常德市","桃源县",85,0.0756549579022653,80,"四线"
"常德市","武陵区",169,0.10453431359967,110,"四线"
"常德市","汉寿县",52,0.0893464197614437,90,"四线"
"常德市","澧县",52,0.0728943803267997,80,"四线"
"常德市","石门县",45,0.0815073033318094,90,"四线"
"常德市","鼎城区",336,0.0628117770782168,70,"四线"
"平凉市","崆峒区",76,0.0828826414923669,90,"五线"
"平凉市","庄浪县",68,0.0711006404027145,70,"五线"
"平顶山市","卫东区",161,0.0765138037362156,80,"四线"
"平顶山市","叶县",136,0.0724320984672197,80,"四线"
"平顶山市","宝丰县",58,0.0758815799793156,80,"四线"
"平顶山市","新华区",116,0.0701939737301565,70,"四线"
"平顶山市","汝州市",89,0.0970701319425608,100,"四线"
"平顶山市","湛河区",117,0.0618244207663392,60,"四线"
"平顶山市","舞钢市",115,0.103086791074467,110,"四线"
"平顶山市","郏县",56,0.0766959862839185,80,"四线"
"平顶山市","鲁山县",98,0.0713478760228777,70,"四线"
"广元市","利州区",90,0.0957697122495301,100,"五线"
"广元市","苍溪县",105,0.0641716577247899,70,"五线"
"广安市","岳池县",38,0.0956510595914212,100,"五线"
"广安市","广安区",91,0.0817837411737459,90,"五线"
"广安市","邻水县",50,0.128100437214998,130,"五线"
"广州市","从化区",377,0.105038733384716,110,"一线"
"广州市","南沙区",564,0.118515770805676,120,"一线"
"广州市","增城区",1137,0.109907610431837,120,"一线"
"广州市","天河区",1394,0.13073864092537,140,"一线"
"广州市","海珠区",1107,0.127119603046286,130,"一线"
"广州市","番禺区",1819,0.136092265041487,140,"一线"
"广州市","白云区",2493,0.139627370794574,150,"一线"
"广州市","花都区",1217,0.118967919446815,120,"一线"
"广州市","荔湾区",658,0.138633172319212,150,"一线"
"广州市","越秀区",799,0.150956564709847,160,"一线"
"广州市","黄埔区",977,0.125788087281006,130,"一线"
"庆阳市","宁县",36,0.0847780971331846,90,"五线"
"庆阳市","西峰区",182,0.112383178400748,120,"五线"
"庆阳市","镇原县",34,0.0858097858300922,90,"五线"
"廊坊市","三河市",1331,0.0917232425052769,100,"二线"
"廊坊市","固安县",554,0.0891937691477809,90,"二线"
"廊坊市","大厂回族自治县",295,0.101186734080719,110,"二线"
"廊坊市","大城县",83,0.103303403433694,110,"二线"
"廊坊市","安次区",283,0.0847701657522539,90,"二线"
"廊坊市","广阳区",474,0.101000706558953,110,"二线"
"廊坊市","开发区",65,0.128179296454373,130,"二线"
"廊坊市","文安县",120,0.0800468926533116,80,"二线"
"廊坊市","永清县",125,0.113725473824901,120,"二线"
"廊坊市","霸州市",206,0.116068987446949,120,"二线"
"廊坊市","香河县",397,0.0835114170190388,90,"二线"
"延安市","吴起县",33,0.0997388320117915,100,"四线"
"延安市","宝塔区",155,0.0991495957822999,100,"四线"
"延边朝鲜族自治州","延吉市",273,0.132124447910568,140,"四线"
"延边朝鲜族自治州","敦化市",99,0.0884775151133029,90,"四线"
"延边朝鲜族自治州","珲春市",43,0.0939851625637547,100,"四线"
"开封市","兰考县",175,0.0697307502894842,70,"四线"
"开封市","尉氏县",219,0.0666731906073751,70,"四线"
"开封市","杞县",133,0.0808517352120246,80,"四线"
"开封市","祥符区",100,0.0707283975825952,70,"四线"
"开封市","禹王台区",38,0.0730162784102047,80,"四线"
"开封市","通许县",48,0.0689222492657101,70,"四线"
"开封市","顺河回族区",50,0.0847924120207787,90,"四线"
"开封市","鼓楼区",63,0.0842633077979002,90,"四线"
"开封市","龙亭区",314,0.0771740697605156,80,"四线"
"张家口市","万全区",34,0.0808780317314533,80,"四线"
"张家口市","下花园区",38,0.102716623277877,110,"四线"
"张家口市","宣化区",101,0.105002583153689,110,"四线"
"张家口市","尚义县",48,0.0745292580500997,80,"四线"
"张家口市","张北县",144,0.0666749740910246,70,"四线"
"张家口市","怀来县",152,0.0860361740034646,90,"四线"
"张家口市","桥东区",201,0.112546736351087,120,"四线"
"张家口市","桥西区",169,0.107874904773321,110,"四线"
"张家口市","涿鹿县",51,0.0953533519417823,100,"四线"
"张家口市","蔚县",85,0.117447735525287,120,"四线"
"张家口市","阳原县",33,0.075251266991584,80,"四线"
"张家界市","慈利县",32,0.0868668936843631,90,"五线"
"张家界市","永定区",77,0.0728373046846316,80,"五线"
"张掖市","临泽县",70,0.0703908697574329,70,"五线"
"张掖市","甘州区",479,0.0822234050943638,90,"五线"
"徐州市","丰县",191,0.0685847801436228,70,"二线"
"徐州市","云龙区",431,0.117644618762953,120,"二线"
"徐州市","新沂市",301,0.102097551798709,110,"二线"
"徐州市","沛县",391,0.0863906222471937,90,"二线"
"徐州市","泉山区",385,0.118443403841236,120,"二线"
"徐州市","睢宁县",286,0.0841593537228366,90,"二线"
"徐州市","贾汪区",198,0.0823503690903751,90,"二线"
"徐州市","邳州市",799,0.0861244422801472,90,"二线"
"徐州市","铜山区",370,0.0700304220680212,70,"二线"
"徐州市","鼓楼区",381,0.093946933426461,100,"二线"
"德州市","临邑县",145,0.0809598861859235,80,"四线"
"德州市","乐陵市",95,0.0767352878376697,80,"四线"
"德州市","夏津县",69,0.0666780995608535,70,"四线"
"德州市","宁津县",78,0.0829964401224661,90,"四线"
"德州市","平原县",103,0.0869608544323234,90,"四线"
"德州市","庆云县",55,0.0986907814233929,100,"四线"
"德州市","德城区",459,0.0887288004414137,90,"四线"
"德州市","武城县",82,0.0814330374690831,90,"四线"
"德州市","禹城市",123,0.0761487904735144,80,"四线"
"德州市","陵城区",78,0.0781967829379463,80,"四线"
"德州市","齐河县",133,0.0846489889946002,90,"四线"
"德阳市","中江县",77,0.0737511057781409,80,"四线"
"德阳市","什邡市",45,0.0872102413875246,90,"四线"
"德阳市","广汉市",73,0.0948725326563948,100,"四线"
"德阳市","旌阳区",160,0.12155115266389,130,"四线"
"德阳市","绵竹市",41,0.106754308386302,110,"四线"
"忻州市","原平市",71,0.0858818646844343,90,"四线"
"忻州市","忻府区",130,0.0664193535057296,70,"四线"
"怀化市","新晃侗族自治县",73,0.080119513941494,80,"四线"
"怀化市","沅陵县",49,0.0796894474028782,80,"四线"
"怀化市","溆浦县",45,0.0986161174989551,100,"四线"
"怀化市","芷江侗族自治县",46,0.0753745091196051,80,"四线"
"怀化市","靖州苗族侗族自治县",38,0.108656692251411,110,"四线"
"怀化市","鹤城区",214,0.140242226126941,150,"四线"
"恩施土家族苗族自治州","利川市",88,0.0929348571289142,100,"四线"
"恩施土家族苗族自治州","恩施市",152,0.117911707718216,120,"四线"
"惠州市","博罗县",483,0.0946274812478881,100,"二线"
"惠州市","惠东县",269,0.0877419639982275,90,"二线"
"惠州市","惠城区",1236,0.102491879586361,110,"二线"
"惠州市","惠阳区",922,0.0988642307142822,100,"二线"
"惠州市","龙门县",118,0.0927713400743731,100,"二线"
"成都市","双流区",1184,0.133519324621451,140,"新一线"
"成都市","大邑县",94,0.0913351858967509,100,"新一线"
"成都市","崇州市",147,0.109937199162377,120,"新一线"
"成都市","彭州市",134,0.088863417969442,90,"新一线"
"成都市","成华区",577,0.11944737283838,130,"新一线"
"成都市","新津区",52,0.128824326453409,130,"新一线"
"成都市","新津县",35,0.105782127395322,110,"新一线"
"成都市","新都区",641,0.10564733846376,110,"新一线"
"成都市","武侯区",672,0.13646305175429,140,"新一线"
"成都市","温江区",412,0.133661149754899,140,"新一线"
"成都市","简阳市",128,0.114151692342589,120,"新一线"
"成都市","蒲江县",45,0.0940465001402338,100,"新一线"
"成都市","邛崃市",118,0.0905618988302387,90,"新一线"
"成都市","郫都区",605,0.120338751301612,130,"新一线"
"成都市","都江堰市",190,0.110788461708855,120,"新一线"
"成都市","金堂县",119,0.118271895236755,120,"新一线"
"成都市","金牛区",519,0.131656457978391,140,"新一线"
"成都市","锦江区",410,0.161915749135331,170,"新一线"
"成都市","青白江区",133,0.104389870049762,110,"新一线"
"成都市","青羊区",493,0.143564838793795,150,"新一线"
"成都市","高新区",280,0.137665728581915,140,"新一线"
"成都市","龙泉驿区",757,0.113248535643494,120,"新一线"
"扬州市","仪征市",141,0.0908560825254543,100,"三线"
"扬州市","宝应县",79,0.0891033907913479,90,"三线"
"扬州市","广陵区",164,0.110935396175196,120,"三线"
"扬州市","江都区",197,0.0966971389280421,100,"三线"
"扬州市","经济开发区",47,0.105180849077541,110,"三线"
"扬州市","邗江区",302,0.121785250947146,130,"三线"
"扬州市","高邮市",96,0.0824112344020331,90,"三线"
"承德市","丰宁满族自治县",92,0.0732731771050005,80,"四线"
"承德市","双桥区",131,0.0852967760052551,90,"四线"
"承德市","双滦区",51,0.0788105917930299,80,"四线"
"承德市","围场满族蒙古族自治县",34,0.0930473152114406,100,"四线"
"承德市","平泉市",44,0.0877104486429745,90,"四线"
"承德市","承德县",47,0.0975039989663755,100,"四线"
"承德市","滦平县",97,0.0804587805853927,80,"四线"
"承德市","隆化县",119,0.0773703559203628,80,"四线"
"抚州市","东乡区",46,0.0697039101386172,70,"四线"
"抚州市","临川区",191,0.100489620508416,110,"四线"
"抚州市","南丰县",64,0.0786843354572375,80,"四线"
"抚州市","宜黄县",53,0.0834050124320361,90,"四线"
"抚顺市","新抚区",41,0.100918239370236,110,"四线"
"抚顺市","望花区",62,0.0950991937644858,100,"四线"
"抚顺市","顺城区",93,0.0998089918713405,100,"四线"
"拉萨市","城关区",46,0.0753745091196051,80,"四线"
"揭阳市","惠来县",71,0.0628445391198677,70,"三线"
"揭阳市","揭东区",92,0.0793963459452356,80,"三线"
"揭阳市","揭西县",45,0.0721629004771215,80,"三线"
"揭阳市","普宁市",389,0.074427204474346,80,"三线"
"揭阳市","榕城区",278,0.057925160189819,60,"三线"
"攀枝花市","东区",65,0.0926688024291435,100,"五线"
"文山壮族苗族自治州","文山市",49,0.0897844739436646,90,"五线"
"新乡市","凤泉区",40,0.0684106715318887,70,"三线"
"新乡市","卫滨区",108,0.0740665743633328,80,"三线"
"新乡市","卫辉市",72,0.0724179147726032,80,"三线"
"新乡市","原阳县",111,0.0814326959137374,90,"三线"
"新乡市","封丘县",71,0.0727775798200319,80,"三线"
"新乡市","延津县",48,0.070949046426476,70,"三线"
"新乡市","新乡县",56,0.0679031767579191,70,"三线"
"新乡市","牧野区",112,0.0728440924926166,80,"三线"
"新乡市","红旗区",299,0.0807121925506701,80,"三线"
"新乡市","获嘉县",60,0.0717297810607462,80,"三线"
"新乡市","辉县市",124,0.0694073508000185,70,"三线"
"新乡市","长垣县",72,0.0773598906986789,80,"三线"
"新乡市","长垣市",136,0.0925616708851027,100,"三线"
"新余市","分宜县",44,0.0808880384781863,80,"五线"
"新余市","渝水区",176,0.104791487550916,110,"五线"
"无锡市","宜兴市",382,0.121088734059446,130,"二线"
"无锡市","惠山区",326,0.122800078782964,130,"二线"
"无锡市","新吴区",383,0.101372898945768,110,"二线"
"无锡市","梁溪区",389,0.125233118896956,130,"二线"
"无锡市","江阴市",619,0.129498669405977,140,"二线"
"无锡市","滨湖区",353,0.138698343548602,150,"二线"
"无锡市","锡山区",459,0.105268150729652,110,"二线"
"日照市","东港区",637,0.081178477945917,90,"四线"
"日照市","五莲县",126,0.0908614095961292,100,"四线"
"日照市","岚山区",237,0.0933505561364584,100,"四线"
"日照市","莒县",213,0.0911382637092077,100,"四线"
"昆明市","五华区",542,0.107146260114059,110,"二线"
"昆明市","呈贡区",235,0.0986445129318677,100,"二线"
"昆明市","安宁市",95,0.111115132362629,120,"二线"
"昆明市","官渡区",865,0.108544522515323,110,"二线"
"昆明市","宜良县",37,0.107796768149352,110,"二线"
"昆明市","寻甸回族彝族自治县",39,0.118333675663158,120,"二线"
"昆明市","嵩明县",63,0.103645108523511,110,"二线"
"昆明市","晋宁区",50,0.127750622659015,130,"二线"
"昆明市","盘龙区",536,0.106610320447592,110,"二线"
"昆明市","石林彝族自治县",36,0.0964218144207772,100,"二线"
"昆明市","禄劝彝族苗族自治县",41,0.105280330634838,110,"二线"
"昆明市","西山区",621,0.129153959278043,140,"二线"
"昌吉回族自治州","吉木萨尔县",38,0.101591128564956,110,"五线"
"昌吉回族自治州","呼图壁县",47,0.090796995830989,100,"五线"
"昌吉回族自治州","奇台县",100,0.0916121062157059,100,"五线"
"昌吉回族自治州","昌吉市",464,0.12636142129224,130,"五线"
"昌吉回族自治州","玛纳斯县",33,0.098578886517667,100,"五线"
"昌吉回族自治州","阜康市",83,0.117660629020047,120,"五线"
"昌都市","卡若区",41,0.0764681739875196,80,"五线"
"昭通市","昭阳区",55,0.070692264873655,70,"五线"
"昭通市","镇雄县",34,0.104063711050073,110,"五线"
"晋中市","介休市",99,0.0928376973208037,100,"四线"
"晋中市","太谷县",64,0.0941205462942345,100,"四线"
"晋中市","左权县",95,0.0944855949608575,100,"四线"
"晋中市","平遥县",76,0.0838008710278619,90,"四线"
"晋中市","榆次区",331,0.111178841760581,120,"四线"
"晋中市","灵石县",50,0.0958820699704781,100,"四线"
"晋中市","祁县",40,0.0897700052845188,90,"四线"
"晋城市","城区",195,0.120187182157716,130,"五线"
"晋城市","泽州县",36,0.0907895833927495,100,"五线"
"晋城市","阳城县",54,0.0710757362592252,70,"五线"
"晋城市","高平市",58,0.106731487533608,110,"五线"
"普洱市","墨江哈尼族自治县",37,0.0723203716933335,80,"五线"
"普洱市","景东彝族自治县",35,0.0792429789527611,80,"五线"
"景德镇市","乐平市",41,0.095082170354171,100,"四线"
"景德镇市","昌江区",64,0.0735389318449052,80,"四线"
"景德镇市","珠山区",106,0.0858570484868953,90,"四线"
"曲靖市","宣威市",52,0.0783783934716811,80,"四线"
"曲靖市","富源县",105,0.0692257646006261,70,"四线"
"曲靖市","师宗县",33,0.075251266991584,80,"四线"
"曲靖市","陆良县",64,0.0838297390695698,90,"四线"
"曲靖市","麒麟区",269,0.0708458409739794,70,"四线"
"朔州市","怀仁县",59,0.0797614338317288,80,"五线"
"朔州市","朔城区",133,0.0725377428942634,80,"五线"
"朝阳市","凌源市",73,0.0644347190335764,70,"五线"
"朝阳市","双塔区",74,0.0836938317646623,90,"五线"
"朝阳市","朝阳县",53,0.0660092878559132,70,"五线"
"本溪市","明山区",32,0.0868668936843631,90,"五线"
"来宾市","兴宾区",98,0.0836559424279438,90,"五线"
"杭州市","上城区",715,0.149631694683038,160,"新一线"
"杭州市","下城区",36,0.135203650887802,140,"新一线"
"杭州市","临安区",253,0.113450080770333,120,"新一线"
"杭州市","临平区",326,0.132554229411857,140,"新一线"
"杭州市","余杭区",1355,0.127573375765985,130,"新一线"
"杭州市","富阳区",383,0.121731963102283,130,"新一线"
"杭州市","建德市",132,0.123846415231335,130,"新一线"
"杭州市","拱墅区",514,0.160613288924471,170,"新一线"
"杭州市","桐庐县",243,0.111131871760867,120,"新一线"
"杭州市","江干区",238,0.112640388263402,120,"新一线"
"杭州市","淳安县",96,0.112618011826151,120,"新一线"
"杭州市","滨江区",380,0.149879795323853,160,"新一线"
"杭州市","萧山区",1016,0.133895516193358,140,"新一线"
"杭州市","西湖区",626,0.161950386867396,170,"新一线"
"杭州市","钱塘区",188,0.105202053489988,110,"新一线"
"松原市","前郭尔罗斯蒙古族自治县",87,0.10169250828167,110,"五线"
"松原市","宁江区",151,0.0998857773142662,100,"五线"
"松原市","扶余市",32,0.0868668936843631,90,"五线"
"松原市","长岭县",43,0.0755859246418129,80,"五线"
"枣庄市","台儿庄区",53,0.0779509096584586,80,"四线"
"枣庄市","山亭区",79,0.0730465274630842,80,"四线"
"枣庄市","峄城区",71,0.070982303634188,70,"四线"
"枣庄市","市中区",225,0.0796181293493721,80,"四线"
"枣庄市","滕州市",1478,0.0660877782154822,70,"四线"
"枣庄市","薛城区",194,0.0903108412714646,90,"四线"
"柳州市","城中区",127,0.103570315549829,110,"三线"
"柳州市","柳北区",146,0.0892122129783794,90,"三线"
"柳州市","柳南区",156,0.114034710672149,120,"三线"
"柳州市","柳城县",34,0.0952467650566469,100,"三线"
"柳州市","柳江区",60,0.0822368405324537,90,"三线"
"柳州市","鱼峰区",254,0.100569312724281,110,"三线"
"株洲市","天元区",215,0.0829702733620989,90,"三线"
"株洲市","攸县",85,0.0819771633687009,90,"三线"
"株洲市","株洲县",52,0.0693927044135976,70,"三线"
"株洲市","炎陵县",55,0.0844552822147801,90,"三线"
"株洲市","石峰区",145,0.064113855890208,70,"三线"
"株洲市","芦淞区",93,0.0790408636036186,80,"三线"
"株洲市","茶陵县",220,0.0789318586874135,80,"三线"
"株洲市","荷塘区",102,0.0630675633751204,70,"三线"
"株洲市","醴陵市",99,0.0944137970307217,100,"三线"
"桂林市","七星区",172,0.124537318218806,130,"三线"
"桂林市","临桂区",144,0.0825725649539302,90,"三线"
"桂林市","全州县",91,0.0526484288992283,60,"三线"
"桂林市","兴安县",95,0.0694642102399015,70,"三线"
"桂林市","叠彩区",83,0.0733712995426287,80,"三线"
"桂林市","平乐县",70,0.0831234548502791,90,"三线"
"桂林市","恭城瑶族自治县",149,0.0846743760512326,90,"三线"
"桂林市","永福县",53,0.0744683322455669,80,"三线"
"桂林市","灌阳县",80,0.0696637039883498,70,"三线"
"桂林市","灵川县",119,0.0748095822211913,80,"三线"
"桂林市","秀峰区",90,0.0846552617007706,90,"三线"
"桂林市","象山区",102,0.10180252872248,110,"三线"
"桂林市","雁山区",32,0.0779413299759505,80,"三线"
"梅州市","丰顺县",58,0.0705722649547445,70,"四线"
"梅州市","五华县",183,0.0615677996429254,60,"四线"
"梅州市","兴宁市",103,0.0741045314526603,80,"四线"
"梅州市","梅县区",151,0.0650160873585858,70,"四线"
"梅州市","梅江区",89,0.0697163646008413,70,"四线"
"梅州市","蕉岭县",49,0.068537956342434,70,"四线"
"梧州市","岑溪市",32,0.0807072940300529,80,"五线"
"梧州市","长洲区",32,0.0807072940300529,80,"五线"
"楚雄彝族自治州","元谋县",64,0.0931456208199129,100,"五线"
"楚雄彝族自治州","楚雄市",76,0.0877288186549585,90,"五线"
"榆林市","定边县",65,0.0731624813490844,80,"四线"
"榆林市","府谷县",41,0.095082170354171,100,"四线"
"榆林市","榆阳区",307,0.0989878515320217,100,"四线"
"榆林市","横山区",32,0.0880339839783522,90,"四线"
"榆林市","神木市",297,0.103644191379183,110,"四线"
"榆林市","绥德县",32,0.0757147846697318,80,"四线"
"榆林市","靖边县",63,0.0946073392393096,100,"四线"
"武威市","凉州区",86,0.0882960145261073,90,"五线"
"武汉市","东西湖区",526,0.104351446955075,110,"新一线"
"武汉市","新洲区",307,0.0697176411045181,70,"新一线"
"武汉市","武昌区",574,0.121375882192706,130,"新一线"
"武汉市","汉南区",154,0.114264427353981,120,"新一线"
"武汉市","汉阳区",787,0.105184579165336,110,"新一线"
"武汉市","江夏区",789,0.0940784835554762,100,"新一线"
"武汉市","江岸区",694,0.090363373833727,90,"新一线"
"武汉市","江汉区",317,0.106160892905926,110,"新一线"
"武汉市","洪山区",1558,0.108680711903942,110,"新一线"
"武汉市","硚口区",354,0.0877279705002389,90,"新一线"
"武汉市","蔡甸区",390,0.102798250089823,110,"新一线"
"武汉市","青山区",231,0.0843808953435047,90,"新一线"
"武汉市","黄陂区",758,0.0635909263150011,70,"新一线"
"毕节市","七星关区",81,0.0761903057315401,80,"五线"
"毕节市","大方县",43,0.0755859246418129,80,"五线"
"毕节市","黔西县",160,0.0795688897953011,80,"五线"
"永州市","东安县",41,0.0892461013381058,90,"四线"
"永州市","冷水滩区",120,0.0730668686268638,80,"四线"
"永州市","宁远县",71,0.0759488239842701,80,"四线"
"永州市","祁阳县",49,0.0741137018726561,80,"四线"
"永州市","道县",62,0.0587068620075933,60,"四线"
"永州市","零陵区",77,0.0737511057781409,80,"四线"
"汉中市","勉县",53,0.0714633906294907,70,"五线"
"汉中市","南郑区",36,0.0847780971331846,90,"五线"
"汉中市","城固县",42,0.0702222828820888,70,"五线"
"汉中市","汉台区",125,0.0826427751847989,90,"五线"
"汉中市","洋县",44,0.0636810941735429,70,"五线"
"汕头市","潮南区",195,0.0757761520012052,80,"三线"
"汕头市","潮阳区",216,0.0885052513169237,90,"三线"
"汕头市","澄海区",161,0.0914837793534827,100,"三线"
"汕头市","濠江区",42,0.085023426594004,90,"三线"
"汕头市","金平区",253,0.0799629021339585,80,"三线"
"汕头市","龙湖区",230,0.0822916128575028,90,"三线"
"汕尾市","城区",58,0.0758815799793156,80,"四线"
"汕尾市","海丰县",720,0.0685509290212156,70,"四线"
"汕尾市","陆丰市",118,0.057548873921729,60,"四线"
"江门市","台山市",102,0.0802831035295026,80,"三线"
"江门市","开平市",193,0.0669669253634227,70,"三线"
"江门市","恩平市",60,0.0717297810607462,80,"三线"
"江门市","新会区",197,0.0661486294620742,70,"三线"
"江门市","江海区",125,0.0926328614349957,100,"三线"
"江门市","蓬江区",278,0.082414063700146,90,"三线"
"江门市","鹤山市",131,0.117290396851434,120,"三线"
"池州市","贵池区",52,0.100314446051206,110,"四线"
"沈阳市","于洪区",439,0.0816563303153588,90,"新一线"
"沈阳市","和平区",316,0.113119945947204,120,"新一线"
"沈阳市","大东区",300,0.0894412584466383,90,"新一线"
"沈阳市","康平县",48,0.11489257662051,120,"新一线"
"沈阳市","新民市",58,0.108792567787881,110,"新一线"
"沈阳市","沈北新区",190,0.0795724299742322,80,"新一线"
"沈阳市","沈河区",233,0.0949251558257137,100,"新一线"
"沈阳市","浑南区",399,0.0859375447497252,90,"新一线"
"沈阳市","皇姑区",284,0.0880681624702063,90,"新一线"
"沈阳市","苏家屯区",111,0.0890451413501699,90,"新一线"
"沈阳市","辽中区",85,0.0858650530938641,90,"新一线"
"沈阳市","铁西区",452,0.0918537818878457,100,"新一线"
"沧州市","东光县",128,0.0876864421553972,90,"三线"
"沧州市","任丘市",162,0.0911708519090299,100,"三线"
"沧州市","南皮县",47,0.0826263506692798,90,"三线"
"沧州市","吴桥县",42,0.0792212196580624,80,"三线"
"沧州市","孟村回族自治县",36,0.07606715703914,80,"三线"
"沧州市","新华区",108,0.0866532011118241,90,"三线"
"沧州市","沧县",61,0.0713549158883275,70,"三线"
"沧州市","河间市",98,0.0729308779094561,80,"三线"
"沧州市","泊头市",111,0.0607157412420696,60,"三线"
"沧州市","海兴县",31,0.0846221683089234,90,"三线"
"沧州市","献县",82,0.0690075769333872,70,"三线"
"沧州市","盐山县",77,0.0899628473477371,90,"三线"
"沧州市","肃宁县",86,0.0723538938750428,80,"三线"
"沧州市","运河区",251,0.0882490975114935,90,"三线"
"沧州市","青县",77,0.0899628473477371,90,"三线"
"沧州市","黄骅市",146,0.0855935899838993,90,"三线"
"河池市","南丹县",32,0.0930264933386734,100,"五线"
"河池市","宜州区",178,0.0716809244706749,80,"五线"
"河池市","都安瑶族自治县",38,0.0718907836972834,80,"五线"
"河池市","金城江区",49,0.106511710534331,110,"五线"
"河源市","东源县",92,0.100257877833958,100,"四线"
"河源市","和平县",65,0.0629243534248247,70,"四线"
"河源市","源城区",256,0.104289753692675,110,"四线"
"河源市","紫金县",152,0.0824944480351589,90,"四线"
"河源市","连平县",69,0.0867434913141319,90,"四线"
"河源市","龙川县",272,0.0578905516313033,60,"四线"
"泉州市","丰泽区",382,0.130847721927192,140,"二线"
"泉州市","南安市",453,0.0806372514449453,80,"二线"
"泉州市","安溪县",185,0.0889163006836771,90,"二线"
"泉州市","德化县",102,0.0776403498023003,80,"二线"
"泉州市","惠安县",881,0.0761751447659411,80,"二线"
"泉州市","晋江市",804,0.100647269628621,110,"二线"
"泉州市","永春县",105,0.097895778466428,100,"二线"
"泉州市","泉港区",136,0.0902562711259658,90,"二线"
"泉州市","洛江区",109,0.092081725822028,100,"二线"
"泉州市","石狮市",331,0.110631395282847,120,"二线"
"泉州市","鲤城区",321,0.110866942803894,120,"二线"
"泰安市","东平县",189,0.0584115861358791,60,"三线"
"泰安市","宁阳县",135,0.0929105018406617,100,"三线"
"泰安市","岱岳区",416,0.0670884149964292,70,"三线"
"泰安市","新泰市",291,0.0846179823167597,90,"三线"
"泰安市","泰山区",422,0.109810503946038,110,"三线"
"泰安市","肥城市",249,0.0649894603495478,70,"三线"
"泰州市","兴化市",179,0.0926258320829756,100,"三线"
"泰州市","姜堰区",211,0.078083419292317,80,"三线"
"泰州市","泰兴市",280,0.0771384756606034,80,"三线"
"泰州市","海陵区",285,0.121954625134414,130,"三线"
"泰州市","靖江市",176,0.119646970546912,130,"三线"
"泰州市","高港区",116,0.116313551743567,120,"三线"
"泸州市","合江县",32,0.100353183286973,110,"四线"
"泸州市","江阳区",114,0.103508675849399,110,"四线"
"泸州市","泸县",63,0.0842633077979002,90,"四线"
"泸州市","龙马潭区",68,0.0972640977469766,100,"四线"
"洛阳市","伊川县",161,0.0434313137835538,50,"三线"
"洛阳市","偃师区",45,0.0721629004771215,80,"三线"
"洛阳市","偃师市",64,0.0651080627500868,70,"三线"
"洛阳市","孟津区",70,0.0681495254750702,70,"三线"
"洛阳市","孟津县",33,0.0713422903745118,70,"三线"
"洛阳市","宜阳县",160,0.0780223008997653,80,"三线"
"洛阳市","嵩县",72,0.0773598906986789,80,"三线"
"洛阳市","新安县",80,0.050647616650694,50,"三线"
"洛阳市","栾川县",62,0.0761828530290989,80,"三线"
"洛阳市","汝阳县",68,0.0789199731278157,80,"三线"
"洛阳市","洛宁县",66,0.0644448729855743,70,"三线"
"洛阳市","洛龙区",418,0.081432991992905,90,"三线"
"洛阳市","涧西区",328,0.0777872251473622,80,"三线"
"洛阳市","瀍河回族区",102,0.0716753334523115,80,"三线"
"洛阳市","老城区",117,0.0875431254288146,90,"三线"
"洛阳市","西工区",181,0.0952426716869995,100,"三线"
"济南市","历下区",845,0.122048305336128,130,"二线"
"济南市","历城区",1171,0.103768995239051,110,"二线"
"济南市","商河县",127,0.0778695771753253,80,"二线"
"济南市","天桥区",567,0.0803609953923976,80,"二线"
"济南市","市中区",670,0.118747808725418,120,"二线"
"济南市","平阴县",136,0.0977652383287746,100,"二线"
"济南市","槐荫区",663,0.109711719380825,110,"二线"
"济南市","济阳区",117,0.0931464037902034,100,"二线"
"济南市","济阳县",101,0.0866209263886046,90,"二线"
"济南市","章丘区",432,0.0854267790285541,90,"二线"
"济南市","莱芜区",201,0.12687437220814,130,"二线"
"济南市","钢城区",46,0.0966247189757705,100,"二线"
"济南市","长清区",294,0.110851407109188,120,"二线"
"济南市","高新区",224,0.101706725751878,110,"二线"
"济宁市","任城区",654,0.0696803214937667,70,"三线"
"济宁市","兖州区",212,0.104144360251953,110,"三线"
"济宁市","嘉祥县",128,0.072203463019651,80,"三线"
"济宁市","微山县",177,0.0606921884063683,60,"三线"
"济宁市","曲阜市",221,0.0559377703518443,60,"三线"
"济宁市","梁山县",175,0.0774644639583874,80,"三线"
"济宁市","汶上县",166,0.0730682173645207,80,"三线"
"济宁市","泗水县",125,0.069135536285095,70,"三线"
"济宁市","邹城市",334,0.0703214413889756,70,"三线"
"济宁市","金乡县",168,0.0524676702327001,50,"三线"
"济宁市","高新区",118,0.0871906238980772,90,"三线"
"济宁市","鱼台县",78,0.0559334562294864,60,"三线"
"海东市","乐都区",137,0.0564906898215403,60,"五线"
"海东市","民和回族土族自治县",116,0.0572469546370022,60,"五线"
"海口市","琼山区",303,0.126119443844144,130,"三线"
"海口市","秀英区",393,0.163664713982949,170,"三线"
"海口市","美兰区",432,0.129196881813069,140,"三线"
"海口市","龙华区",370,0.113228416029893,120,"三线"
"海西蒙古族藏族自治州","德令哈市",54,0.0710757362592252,70,"五线"
"淄博市","临淄区",215,0.0655965046128888,70,"三线"
"淄博市","博山区",86,0.100086963179475,100,"三线"
"淄博市","周村区",121,0.0583001385852255,60,"三线"
"淄博市","张店区",668,0.089752359267896,90,"三线"
"淄博市","桓台县",153,0.0728913566261553,80,"三线"
"淄博市","沂源县",113,0.0725447515135607,80,"三线"
"淄博市","淄川区",135,0.0740673374820564,80,"三线"
"淄博市","高青县",87,0.0812228239422713,90,"三线"
"淮北市","濉溪县",158,0.0773098600335321,80,"四线"
"淮北市","相山区",146,0.105997283841501,110,"四线"
"淮南市","凤台县",74,0.1090890869243,110,"四线"
"淮南市","寿县",60,0.0908448769132269,100,"四线"
"淮南市","田家庵区",164,0.113104678398755,120,"四线"
"淮安市","洪泽区",61,0.0870331390841243,90,"三线"
"淮安市","涟水县",151,0.0805181429712758,80,"三线"
"淮安市","淮安区",256,0.120755406774229,130,"三线"
"淮安市","淮阴区",179,0.0893932289638045,90,"三线"
"淮安市","清江浦区",432,0.102523017401605,110,"三线"
"淮安市","盱眙县",113,0.0848727647599148,90,"三线"
"淮安市","经济开发区",88,0.0991701985166757,100,"三线"
"淮安市","金湖县",56,0.0893683677785855,90,"三线"
"深圳市","光明区",474,0.164294708763389,170,"一线"
"深圳市","南山区",1738,0.139316221595574,150,"一线"
"深圳市","坪山区",486,0.131891700096506,140,"一线"
"深圳市","宝安区",3536,0.115453085490353,120,"一线"
"深圳市","盐田区",191,0.153388790285263,160,"一线"
"深圳市","福田区",1341,0.142924164246125,150,"一线"
"深圳市","罗湖区",1097,0.140376799211936,150,"一线"
"深圳市","龙华区",2189,0.131628020300269,140,"一线"
"深圳市","龙岗区",3517,0.119344572618351,120,"一线"
"清远市","佛冈县",45,0.0721629004771215,80,"三线"
"清远市","清城区",583,0.0794193279063286,80,"三线"
"清远市","清新区",296,0.0742436221784665,80,"三线"
"清远市","英德市",156,0.0546664338813654,60,"三线"
"清远市","连州市",55,0.0736647816655725,80,"三线"
"清远市","阳山县",32,0.0779413299759505,80,"三线"
"温州市","乐清市",961,0.120071298004992,130,"二线"
"温州市","平阳县",413,0.114180179540815,120,"二线"
"温州市","文成县",70,0.090041215024766,90,"二线"
"温州市","永嘉县",322,0.075250869918989,80,"二线"
"温州市","泰顺县",86,0.111115299645099,120,"二线"
"温州市","洞头区",72,0.133629035325433,140,"二线"
"温州市","瑞安市",618,0.102946188928214,110,"二线"
"温州市","瓯海区",478,0.108555585609256,110,"二线"
"温州市","苍南县",583,0.105193501786168,110,"二线"
"温州市","鹿城区",642,0.129526546215018,140,"二线"
"温州市","龙港市",112,0.119825915574097,130,"二线"
"温州市","龙湾区",352,0.120327172250145,130,"二线"
"渭南市","临渭区",182,0.0905789077806614,90,"四线"
"渭南市","合阳县",65,0.0680434173869545,70,"四线"
"渭南市","大荔县",78,0.0781967829379463,80,"四线"
"渭南市","富平县",73,0.080119513941494,80,"四线"
"渭南市","澄城县",41,0.0892461013381058,90,"四线"
"渭南市","蒲城县",59,0.0860433786255559,90,"四线"
"渭南市","韩城市",59,0.0807621035540708,80,"四线"
"湖州市","南浔区",147,0.110524006234856,120,"三线"
"湖州市","吴兴区",293,0.122012173502744,130,"三线"
"湖州市","安吉县",171,0.118313744965298,120,"三线"
"湖州市","德清县",145,0.0786409158212369,80,"三线"
"湖州市","长兴县",384,0.0809833388860158,80,"三线"
"湘潭市","岳塘区",121,0.0767547131447041,80,"四线"
"湘潭市","湘乡市",69,0.0716944474991731,80,"四线"
"湘潭市","湘潭县",186,0.0578228649531701,60,"四线"
"湘潭市","雨湖区",110,0.0802675407715697,80,"四线"
"湘潭市","韶山市",36,0.0799056373785447,80,"四线"
"湘西土家族苗族自治州","吉首市",78,0.086886682145465,90,"五线"
"湛江市","吴川市",181,0.0534887786674009,60,"三线"
"湛江市","坡头区",134,0.066781747627956,70,"三线"
"湛江市","廉江市",484,0.0466407080724218,50,"三线"
"湛江市","徐闻县",174,0.061290439216193,60,"三线"
"湛江市","经济技术开发区",48,0.0821630639952551,90,"三线"
"湛江市","赤坎区",232,0.070798294910585,70,"三线"
"湛江市","遂溪县",158,0.068159380775226,70,"三线"
"湛江市","雷州市",172,0.0418512004234476,40,"三线"
"湛江市","霞山区",258,0.0609083159335662,60,"三线"
"湛江市","麻章区",73,0.0868148058701926,90,"三线"
"滁州市","全椒县",48,0.0989840903484237,100,"三线"
"滁州市","凤阳县",47,0.088264975271345,90,"三线"
"滁州市","南谯区",94,0.0920606202145764,100,"三线"
"滁州市","天长市",83,0.0874328187380306,90,"三线"
"滁州市","定远县",32,0.0717817303216403,80,"三线"
"滁州市","明光市",32,0.0779413299759505,80,"三线"
"滁州市","来安县",49,0.0928564347188784,100,"三线"
"滁州市","琅琊区",76,0.0952450004066269,100,"三线"
"滨州市","博兴县",122,0.0843761076450818,90,"四线"
"滨州市","惠民县",75,0.0890787395437025,90,"四线"
"滨州市","无棣县",98,0.110761365887628,120,"四线"
"滨州市","沾化区",52,0.0728943803267997,80,"四线"
"滨州市","滨城区",307,0.0944148363965289,100,"四线"
"滨州市","邹平县",121,0.0687976245629695,70,"四线"
"滨州市","邹平市",93,0.108763619124897,110,"四线"
"滨州市","阳信县",104,0.0737883159785452,80,"四线"
"漯河市","临颍县",49,0.068537956342434,70,"四线"
"漯河市","召陵区",73,0.07028416813156,70,"四线"
"漯河市","源汇区",91,0.0826397454813425,90,"四线"
"漯河市","舞阳县",33,0.0813731582466359,90,"四线"
"漯河市","郾城区",144,0.0703199768672265,70,"四线"
"漳州市","东山县",49,0.07055345259799,70,"三线"
"漳州市","云霄县",57,0.120917276201743,130,"三线"
"漳州市","南靖县",116,0.0716613099354257,80,"三线"
"漳州市","平和县",62,0.0709839484923999,70,"三线"
"漳州市","漳浦县",179,0.0829280227254623,90,"三线"
"漳州市","芗城区",178,0.0961693124214488,100,"三线"
"漳州市","诏安县",56,0.0840020700234189,90,"三线"
"漳州市","龙文区",121,0.0980855814938986,100,"三线"
"漳州市","龙海区",136,0.0963161544865072,100,"三线"
"漳州市","龙海市",145,0.10043150571778,110,"三线"
"潍坊市","临朐县",220,0.0618060399501879,60,"三线"
"潍坊市","坊子区",215,0.0540139921134153,60,"三线"
"潍坊市","奎文区",593,0.06449678703734,70,"三线"
"潍坊市","安丘市",284,0.0546729416038489,60,"三线"
"潍坊市","寒亭区",276,0.0754368658729447,80,"三线"
"潍坊市","寿光市",471,0.0858963816961434,90,"三线"
"潍坊市","昌乐县",280,0.0527689288463811,60,"三线"
"潍坊市","昌邑市",130,0.0831718235669759,90,"三线"
"潍坊市","潍城区",409,0.0623968613183034,70,"三线"
"潍坊市","诸城市",413,0.067458831683139,70,"三线"
"潍坊市","青州市",399,0.0900232294425682,90,"三线"
"潍坊市","高密市",331,0.0556057982444254,60,"三线"
"潍坊市","高新区",290,0.0800613267726529,80,"三线"
"潮州市","湘桥区",308,0.0585234178904435,60,"三线"
"潮州市","潮安区",222,0.0529409117620351,60,"三线"
"潮州市","饶平县",60,0.0769833107966,80,"三线"
"濮阳市","华龙区",273,0.089977242519992,90,"四线"
"濮阳市","南乐县",50,0.0626130961213796,70,"四线"
"濮阳市","台前县",35,0.0743410513275569,80,"四线"
"濮阳市","清丰县",50,0.079247583045929,80,"四线"
"濮阳市","濮阳县",67,0.0774882110934178,80,"四线"
"濮阳市","范县",38,0.0730162784102047,80,"四线"
"烟台市","开发区",315,0.101133439420737,110,"二线"
"烟台市","招远市",252,0.112566490573327,120,"二线"
"烟台市","栖霞市",109,0.0837256993849884,90,"二线"
"烟台市","海阳市",158,0.0937741081979384,100,"二线"
"烟台市","牟平区",156,0.0944290737522094,100,"二线"
"烟台市","福山区",365,0.0808312122275401,80,"二线"
"烟台市","芝罘区",632,0.123355174059502,130,"二线"
"烟台市","莱山区",381,0.125236766022586,130,"二线"
"烟台市","莱州市",373,0.0835199081755424,90,"二线"
"烟台市","莱阳市",242,0.0941043767661798,100,"二线"
"烟台市","蓬莱区",112,0.0991944451499471,100,"二线"
"烟台市","蓬莱市",107,0.134989836651014,140,"二线"
"烟台市","龙口市",338,0.0833559207584121,90,"二线"
"焦作市","孟州市",46,0.0923863060625687,100,"四线"
"焦作市","山阳区",73,0.075201841036527,80,"四线"
"焦作市","武陟县",70,0.0713365983013573,70,"四线"
"焦作市","沁阳市",50,0.079247583045929,80,"四线"
"焦作市","温县",35,0.0864367368942712,90,"四线"
"焦作市","解放区",59,0.0754808284825862,80,"四线"
"牡丹江市","东宁市",32,0.0807072940300529,80,"五线"
"牡丹江市","东安区",64,0.0931456208199129,100,"五线"
"牡丹江市","宁安市",52,0.0883073362377247,90,"五线"
"牡丹江市","海林市",39,0.0773712620377443,80,"五线"
"牡丹江市","爱民区",50,0.10037629234075,110,"五线"
"牡丹江市","绥芬河市",42,0.081826696753972,90,"五线"
"牡丹江市","西安区",56,0.0864118023968557,90,"五线"
"牡丹江市","阳明区",36,0.0727551246140546,80,"五线"
"玉林市","北流市",65,0.0782815453112142,80,"四线"
"玉林市","博白县",53,0.0724968068848811,80,"四线"
"玉林市","玉州区",145,0.0918551811341952,100,"四线"
"玉林市","陆川县",32,0.0941935836326624,100,"四线"
"玉溪市","红塔区",38,0.0897109906178868,90,"五线"
"珠海市","斗门区",326,0.0965043694015064,100,"二线"
"珠海市","金湾区",251,0.139084423872909,150,"二线"
"珠海市","香洲区",910,0.117306489295457,120,"二线"
"甘南藏族自治州","临潭县",59,0.0691988836887588,70,"五线"
"白城市","洮北区",62,0.0733185130544257,80,"五线"
"白城市","通榆县",37,0.078295935930593,80,"五线"
"白山市","浑江区",55,0.0922732659720701,100,"五线"
"白银市","景泰县",59,0.0797614338317288,80,"五线"
"白银市","白银区",55,0.0976685162466738,100,"五线"
"百色市","右江区",48,0.0734668699245998,80,"五线"
"百色市","平果县",250,0.0817742371285134,90,"五线"
"百色市","田东县",89,0.0779704777595933,80,"五线"
"益阳市","南县",43,0.0824476914865787,90,"四线"
"益阳市","安化县",65,0.0936387371976037,100,"四线"
"益阳市","桃江县",101,0.0790676519597736,80,"四线"
"益阳市","沅江市",48,0.0689222492657101,70,"四线"
"益阳市","资阳区",33,0.105860723266843,110,"四线"
"益阳市","赫山区",327,0.0749804175778149,80,"四线"
"盐城市","东台市",388,0.118942506353911,120,"三线"
"盐城市","亭湖区",547,0.101356487416894,110,"三线"
"盐城市","响水县",102,0.0802831035295026,80,"三线"
"盐城市","大丰区",159,0.105940297012701,110,"三线"
"盐城市","射阳县",159,0.0817479928185442,90,"三线"
"盐城市","建湖县",409,0.0920622974842618,100,"三线"
"盐城市","滨海县",173,0.0878648183600092,90,"三线"
"盐城市","盐都区",455,0.113870059121596,120,"三线"
"盐城市","阜宁县",415,0.0873820331659163,90,"三线"
"盘锦市","兴隆台区",61,0.0694658172333511,70,"四线"
"盘锦市","大洼区",69,0.0817271433758123,90,"四线"
"眉山市","东坡区",151,0.107667859868548,110,"四线"
"眉山市","仁寿县",168,0.091477537960973,100,"四线"
"眉山市","洪雅县",31,0.082381823374823,90,"四线"
"石嘴山市","大武口区",143,0.0881757546291708,90,"五线"
"石家庄市","井陉县",63,0.103645108523511,110,"二线"
"石家庄市","元氏县",164,0.0714785944244474,70,"二线"
"石家庄市","平山县",114,0.0942900144076989,100,"二线"
"石家庄市","新乐市",117,0.0931464037902034,100,"二线"
"石家庄市","新华区",553,0.0907876765401849,100,"二线"
"石家庄市","无极县",102,0.0948558899566824,100,"二线"
"石家庄市","晋州市",146,0.076134367961601,80,"二线"
"石家庄市","栾城区",165,0.091551583302604,100,"二线"
"石家庄市","桥西区",776,0.0960332853034751,100,"二线"
"石家庄市","正定县",271,0.112220747609457,120,"二线"
"石家庄市","深泽县",59,0.0847095215492777,90,"二线"
"石家庄市","灵寿县",60,0.0895180272947624,90,"二线"
"石家庄市","藁城区",319,0.0935568347851904,100,"二线"
"石家庄市","行唐县",73,0.0887128352943932,90,"二线"
"石家庄市","裕华区",830,0.108335284127486,110,"二线"
"石家庄市","赞皇县",50,0.0833919908602168,90,"二线"
"石家庄市","赵县",109,0.0795476861664685,80,"二线"
"石家庄市","辛集市",246,0.0824757377834218,90,"二线"
"石家庄市","长安区",873,0.077779175287358,80,"二线"
"石家庄市","高邑县",47,0.0904412638561209,90,"二线"
"石家庄市","鹿泉区",337,0.102791869495547,110,"二线"
"福州市","仓山区",815,0.129094861371959,140,"二线"
"福州市","台江区",269,0.107774606511088,110,"二线"
"福州市","平潭县",184,0.0955615310705731,100,"二线"
"福州市","晋安区",557,0.112082340591834,120,"二线"
"福州市","永泰县",139,0.100388995418993,110,"二线"
"福州市","福清市",461,0.0981479190200606,100,"二线"
"福州市","罗源县",101,0.121200834647159,130,"二线"
"福州市","连江县",217,0.106635344968931,110,"二线"
"福州市","长乐区",248,0.145473388284821,150,"二线"
"福州市","闽侯县",491,0.0934091308390732,100,"二线"
"福州市","闽清县",70,0.119989073775184,130,"二线"
"福州市","马尾区",135,0.116976843978257,120,"二线"
"福州市","鼓楼区",548,0.119466072081575,130,"二线"
"秦皇岛市","北戴河区",39,0.0924346076956233,100,"三线"
"秦皇岛市","山海关区",47,0.0713491014651494,70,"三线"
"秦皇岛市","抚宁区",41,0.0680114221313932,70,"三线"
"秦皇岛市","昌黎县",73,0.0720617871552918,80,"三线"
"秦皇岛市","海港区",490,0.0913255401498335,100,"三线"
"秦皇岛市","经济技术开发区",43,0.113376626624339,120,"三线"
"秦皇岛市","青龙满族自治县",45,0.0835687765885532,90,"三线"
"红河哈尼族彝族自治州","开远市",147,0.0587426175267221,60,"四线"
"红河哈尼族彝族自治州","弥勒市",296,0.066359278944285,70,"四线"
"红河哈尼族彝族自治州","河口瑶族自治县",61,0.0746918916319501,80,"四线"
"红河哈尼族彝族自治州","蒙自市",67,0.0724210256243363,80,"四线"
"红河哈尼族彝族自治州","金平苗族瑶族傣族自治县",70,0.0813192178848299,90,"四线"
"绍兴市","上虞区",203,0.114113695619412,120,"二线"
"绍兴市","嵊州市",212,0.137402780896001,140,"二线"
"绍兴市","新昌县",215,0.142000435075345,150,"二线"
"绍兴市","柯桥区",480,0.173736228308331,180,"二线"
"绍兴市","诸暨市",360,0.120403409138476,130,"二线"
"绍兴市","越城区",430,0.142839032303722,150,"二线"
"绥化市","兰西县",45,0.0747238009495817,80,"五线"
"绥化市","北林区",42,0.0702222828820888,70,"五线"
"绥化市","肇东市",40,0.100398381937871,110,"五线"
"绵阳市","三台县",89,0.0941591242034797,100,"三线"
"绵阳市","安州区",67,0.104655802614276,110,"三线"
"绵阳市","江油市",100,0.0940039227990978,100,"三线"
"绵阳市","涪城区",543,0.116809748805917,120,"三线"
"绵阳市","游仙区",160,0.0711340201846398,70,"三线"
"绵阳市","盐亭县",83,0.0780584726077627,80,"三线"
"绵阳市","高新区",58,0.0884193981430491,90,"三线"
"聊城市","东昌府区",509,0.102123003782518,110,"四线"
"聊城市","东阿县",72,0.0903994145027529,90,"四线"
"聊城市","临清市",255,0.0786098364163087,80,"四线"
"聊城市","冠县",134,0.103243217210401,110,"四线"
"聊城市","茌平区",73,0.075201841036527,80,"四线"
"聊城市","茌平县",106,0.0858570484868953,90,"四线"
"聊城市","莘县",159,0.0839547607102714,90,"四线"
"聊城市","阳谷县",147,0.102009526827587,110,"四线"
"聊城市","高唐县",117,0.0901246049472239,90,"四线"
"肇庆市","四会市",205,0.07948047613305,80,"三线"
"肇庆市","广宁县",48,0.0821630639952551,90,"三线"
"肇庆市","怀集县",80,0.0601556603195219,60,"三线"
"肇庆市","端州区",252,0.0932491232335637,100,"三线"
"肇庆市","高要区",92,0.0659039955807573,70,"三线"
"肇庆市","鼎湖区",48,0.0653420376420864,70,"三线"
"自贡市","富顺县",32,0.0745476943757427,80,"五线"
"自贡市","沿滩区",34,0.0918944275700859,100,"五线"
"自贡市","自流井区",80,0.0955686034462142,100,"五线"
"舟山市","定海区",266,0.142939046391836,150,"三线"
"舟山市","岱山县",42,0.0792212196580624,80,"三线"
"舟山市","普陀区",69,0.0835404310216433,90,"三线"
"芜湖市","三山区",36,0.0820786432987049,90,"三线"
"芜湖市","南陵县",90,0.111884890221928,120,"三线"
"芜湖市","弋江区",181,0.092030833762415,100,"三线"
"芜湖市","无为县",48,0.070949046426476,70,"三线"
"芜湖市","无为市",64,0.106271291648745,110,"三线"
"芜湖市","湾沚区",33,0.0958298553947186,100,"三线"
"芜湖市","芜湖县",31,0.078424392838971,80,"三线"
"芜湖市","镜湖区",201,0.143817391297818,150,"三线"
"芜湖市","鸠江区",263,0.136402388102013,140,"三线"
"苏州市","吴中区",1033,0.120764259706704,130,"新一线"
"苏州市","吴江区",869,0.136579906723182,140,"新一线"
"苏州市","太仓市",362,0.114737667845089,120,"新一线"
"苏州市","姑苏区",479,0.130452316135419,140,"新一线"
"苏州市","工业园区",762,0.139509312508632,150,"新一线"
"苏州市","常熟市",587,0.119176271963362,120,"新一线"
"苏州市","张家港市",604,0.13956714798175,150,"新一线"
"苏州市","昆山市",1652,0.141100871243209,150,"新一线"
"苏州市","相城区",547,0.130643122725305,140,"新一线"
"苏州市","虎丘区",533,0.148475391625262,160,"新一线"
"苏州市","高新区",44,0.123264158277959,130,"新一线"
"茂名市","信宜市",176,0.0923529460242782,100,"四线"
"茂名市","化州市",162,0.0762520822678006,80,"四线"
"茂名市","电白区",225,0.0796181293493721,80,"四线"
"茂名市","茂南区",260,0.0827265475018919,90,"四线"
"茂名市","高州市",175,0.0762806494253336,80,"四线"
"荆州市","公安县",89,0.0850412017562398,90,"三线"
"荆州市","松滋市",77,0.0899628473477371,90,"三线"
"荆州市","江陵县",46,0.0830948915691878,90,"三线"
"荆州市","沙市区",213,0.0834535743963848,90,"三线"
"荆州市","洪湖市",79,0.0747731992446015,80,"三线"
"荆州市","监利县",49,0.0649777070677679,70,"三线"
"荆州市","监利市",34,0.107416048536634,110,"三线"
"荆州市","石首市",58,0.0778007680939072,80,"三线"
"荆州市","荆州区",93,0.0879954908571747,90,"三线"
"荆门市","东宝区",90,0.0739382442360466,80,"四线"
"荆门市","京山县",48,0.0801362668344893,80,"四线"
"荆门市","掇刀区",96,0.0896501885848026,90,"四线"
"荆门市","钟祥市",49,0.0629622108122119,70,"四线"
"莆田市","仙游县",188,0.0774423559924567,80,"三线"
"莆田市","城厢区",224,0.0836850153307708,90,"三线"
"莆田市","涵江区",117,0.0915860088832267,100,"三线"
"莆田市","秀屿区",120,0.106466250769804,110,"三线"
"莆田市","荔城区",272,0.0861284691129381,90,"三线"
"菏泽市","东明县",128,0.0683327182357144,70,"三线"
"菏泽市","单县",231,0.062691981954471,70,"三线"
"菏泽市","定陶区",137,0.0473301673311524,50,"三线"
"菏泽市","巨野县",222,0.0699695208749225,70,"三线"
"菏泽市","成武县",131,0.063722018440279,70,"三线"
"菏泽市","曹县",208,0.0846868242120584,90,"三线"
"菏泽市","牡丹区",599,0.0653372899225125,70,"三线"
"菏泽市","郓城县",373,0.0787797286567222,80,"三线"
"菏泽市","鄄城县",93,0.0835181772303966,90,"三线"
"萍乡市","上栗县",88,0.0874872511925812,90,"五线"
"萍乡市","安源区",242,0.088902494497584,90,"五线"
"萍乡市","湘东区",31,0.0812074997172386,90,"五线"
"萍乡市","芦溪县",59,0.0744801587602439,80,"五线"
"萍乡市","莲花县",45,0.0804267390052969,80,"五线"
"营口市","大石桥市",63,0.0946073392393096,100,"四线"
"营口市","盖州市",35,0.0864367368942712,90,"四线"
"营口市","站前区",69,0.0817271433758123,90,"四线"
"营口市","西市区",40,0.124991977240125,130,"四线"
"营口市","鲅鱼圈区",123,0.0879902001999902,90,"四线"
"葫芦岛市","兴城市",46,0.0980569050435565,100,"四线"
"葫芦岛市","绥中县",169,0.0811501753841258,80,"四线"
"葫芦岛市","连山区",42,0.106134897797741,110,"四线"
"葫芦岛市","龙港区",54,0.10465064813609,110,"四线"
"蚌埠市","固镇县",35,0.0765271992458896,80,"三线"
"蚌埠市","怀远县",55,0.0736647816655725,80,"三线"
"蚌埠市","淮上区",33,0.0897079641396674,90,"三线"
"蚌埠市","禹会区",62,0.065785043955701,70,"三线"
"蚌埠市","蚌山区",96,0.0868292060942306,90,"三线"
"蚌埠市","龙子湖区",55,0.062874281116365,70,"三线"
"衡水市","冀州区",52,0.0674103671819184,70,"四线"
"衡水市","安平县",57,0.0922995725603847,100,"四线"
"衡水市","故城县",62,0.105497002837884,110,"四线"
"衡水市","景县",67,0.0876225820315806,90,"四线"
"衡水市","枣强县",59,0.0860433786255559,90,"四线"
"衡水市","桃城区",391,0.0753664422534405,80,"四线"
"衡水市","武邑县",40,0.0838996766252511,90,"四线"
"衡水市","深州市",64,0.0735389318449052,80,"四线"
"衡水市","饶阳县",33,0.0813731582466359,90,"四线"
"衡阳市","常宁市",66,0.0644448729855743,70,"三线"
"衡阳市","珠晖区",60,0.0717297810607462,80,"三线"
"衡阳市","石鼓区",77,0.0754944323622441,80,"三线"
"衡阳市","祁东县",85,0.0726898794524738,80,"三线"
"衡阳市","耒阳市",367,0.0757087984985781,80,"三线"
"衡阳市","蒸湘区",203,0.0829572037865684,90,"三线"
"衡阳市","衡东县",74,0.0766027527784742,80,"三线"
"衡阳市","衡南县",129,0.060357599803232,60,"三线"
"衡阳市","衡山县",46,0.0717536936072121,80,"三线"
"衡阳市","衡阳县",53,0.0744683322455669,80,"三线"
"衡阳市","雁峰区",180,0.108438309660784,110,"三线"
"衢州市","常山县",45,0.0986161174989551,100,"四线"
"衢州市","开化县",37,0.0973548488212487,100,"四线"
"衢州市","柯城区",160,0.138771854451704,150,"四线"
"衢州市","江山市",121,0.0926688903081734,100,"四线"
"衢州市","衢江区",58,0.0971188400775993,100,"四线"
"衢州市","龙游县",90,0.0966296013370115,100,"四线"
"襄阳市","南漳县",250,0.0911102890690464,100,"三线"
"襄阳市","宜城市",129,0.079636699249295,80,"三线"
"襄阳市","枣阳市",187,0.099744174795972,100,"三线"
"襄阳市","樊城区",592,0.110270412786326,120,"三线"
"襄阳市","老河口市",174,0.0678618594218054,70,"三线"
"襄阳市","襄城区",178,0.0896831389585389,90,"三线"
"襄阳市","襄州区",390,0.0800495410547323,80,"三线"
"襄阳市","谷城县",167,0.0627333033565399,70,"三线"
"西双版纳傣族自治州","景洪市",68,0.101350471711553,110,"五线"
"西宁市","城东区",66,0.0982548284085222,100,"四线"
"西宁市","城中区",52,0.0893464197614437,90,"四线"
"西宁市","城北区",63,0.0842633077979002,90,"四线"
"西宁市","城西区",104,0.124994168238828,130,"四线"
"西安市","临潼区",188,0.0926371957968413,100,"新一线"
"西安市","周至县",121,0.073566808090086,80,"新一线"
"西安市","新城区",353,0.106529587462758,110,"新一线"
"西安市","未央区",1634,0.0966310870387682,100,"新一线"
"西安市","灞桥区",695,0.106004816335665,110,"新一线"
"西安市","碑林区",366,0.107768869374537,110,"新一线"
"西安市","莲湖区",697,0.0839923077756444,90,"新一线"
"西安市","蓝田县",73,0.100767473844797,110,"新一线"
"西安市","鄠邑区",196,0.0934305276518459,100,"新一线"
"西安市","长安区",929,0.105244795209227,110,"新一线"
"西安市","阎良区",126,0.122844178839422,130,"新一线"
"西安市","雁塔区",1636,0.131622340378361,140,"新一线"
"西安市","高陵区",291,0.0771117207696385,80,"新一线"
"许昌市","建安区",60,0.0855913471773732,90,"四线"
"许昌市","禹州市",111,0.0675047881678149,70,"四线"
"许昌市","襄城县",42,0.0713216561820914,70,"四线"
"许昌市","鄢陵县",45,0.0701014272203788,70,"四线"
"许昌市","长葛市",62,0.0639057665442922,70,"四线"
"许昌市","魏都区",203,0.105871753908339,110,"四线"
"贵港市","平南县",53,0.0660092878559132,70,"五线"
"贵港市","桂平市",91,0.0637126669327342,70,"五线"
"贵港市","港北区",492,0.0869331410106926,90,"五线"
"贵港市","港南区",33,0.0863351040075633,90,"五线"
"贵港市","覃塘区",47,0.090796995830989,100,"五线"
"贵阳市","乌当区",101,0.103910880517882,110,"二线"
"贵阳市","云岩区",561,0.1374699387571,140,"二线"
"贵阳市","修文县",41,0.0877721235866425,90,"二线"
"贵阳市","南明区",474,0.0943820057662945,100,"二线"
"贵阳市","开阳县",61,0.104728422619901,110,"二线"
"贵阳市","清镇市",120,0.108007946982451,110,"二线"
"贵阳市","白云区",160,0.106904727247111,110,"二线"
"贵阳市","花溪区",465,0.134441650709341,140,"二线"
"贵阳市","观山湖区",382,0.164028280677528,170,"二线"
"贺州市","八步区",96,0.0976490366755977,100,"五线"
"贺州市","平桂区",44,0.0751523903766385,80,"五线"
"资阳市","安岳县",110,0.096121725496324,100,"五线"
"资阳市","雁江区",141,0.0593432504874657,60,"五线"
"赣州市","上犹县",36,0.070055670779575,70,"三线"
"赣州市","于都县",115,0.0556500309724299,60,"三线"
"赣州市","会昌县",43,0.0787642133928107,80,"三线"
"赣州市","信丰县",151,0.0734095142196155,80,"三线"
"赣州市","全南县",79,0.09388012130693,100,"三线"
"赣州市","兴国县",107,0.0701654140730326,70,"三线"
"赣州市","南康区",178,0.0669815318383545,70,"三线"
"赣州市","大余县",42,0.0908256335299456,100,"三线"
"赣州市","宁都县",72,0.0674759388465276,70,"三线"
"赣州市","安远县",44,0.0668411533786987,70,"三线"
"赣州市","寻乌县",38,0.0811035376938081,80,"三线"
"赣州市","瑞金市",110,0.0776108771843351,80,"三线"
"赣州市","石城县",38,0.0811035376938081,80,"三线"
"赣州市","章贡区",517,0.11223269665829,120,"三线"
"赣州市","赣县区",78,0.0751320849675654,80,"三线"
"赣州市","龙南市",37,0.0636614843813878,70,"三线"
"赤峰市","元宝山区",43,0.0755859246418129,80,"五线"
"赤峰市","克什克腾旗",38,0.0659507147237495,70,"五线"
"赤峰市","宁城县",59,0.0639176086172737,70,"五线"
"赤峰市","巴林左旗",67,0.0866624769418498,90,"五线"
"赤峰市","松山区",131,0.103703349023559,110,"五线"
"赤峰市","林西县",61,0.0893799042542396,90,"五线"
"赤峰市","红山区",133,0.0877267580245659,90,"五线"
"辽源市","龙山区",39,0.0714662691293738,70,"五线"
"辽阳市","白塔区",47,0.0738811220247934,80,"五线"
"达州市","大竹县",129,0.0743870943484309,80,"四线"
"达州市","宣汉县",41,0.0775739633059753,80,"四线"
"达州市","渠县",41,0.0834100323220406,90,"四线"
"达州市","达川区",47,0.0693108759560495,70,"四线"
"达州市","通川区",66,0.0982548284085222,100,"四线"
"运城市","万荣县",36,0.0738941511189797,80,"四线"
"运城市","临猗县",49,0.0852651929331003,90,"四线"
"运城市","垣曲县",41,0.0775739633059753,80,"四线"
"运城市","夏县",40,0.0956403339437865,100,"四线"
"运城市","平陆县",39,0.0784901107123673,80,"四线"
"运城市","新绛县",36,0.0799056373785447,80,"四线"
"运城市","永济市",84,0.0760079114289253,80,"四线"
"运城市","河津市",72,0.0903994145027529,90,"四线"
"运城市","盐湖区",648,0.110865752022768,120,"四线"
"运城市","稷山县",45,0.075804365276094,80,"四线"
"运城市","绛县",45,0.0815073033318094,90,"四线"
"运城市","芮城县",50,0.0847924120207787,90,"四线"
"运城市","闻喜县",57,0.0816242639347648,90,"四线"
"连云港市","东海县",200,0.0927918917860678,100,"三线"
"连云港市","海州区",423,0.104190515613465,110,"三线"
"连云港市","灌云县",88,0.071691155282389,80,"三线"
"连云港市","灌南县",101,0.0892751033884864,90,"三线"
"连云港市","赣榆区",245,0.0710104237106968,70,"三线"
"连云港市","连云区",85,0.100551731201155,110,"三线"
"通化市","东昌区",73,0.108693775178279,110,"五线"
"通化市","柳河县",46,0.0856412702020372,90,"五线"
"通化市","梅河口市",110,0.0753185752404806,80,"五线"
"通化市","集安市",102,0.0736079901147318,80,"五线"
"通辽市","奈曼旗",31,0.0812074997172386,90,"五线"
"通辽市","科尔沁区",135,0.0946028038799663,100,"五线"
"遂宁市","射洪县",33,0.0802132127525114,80,"五线"
"遂宁市","船山区",86,0.0836738363087019,90,"五线"
"遵义市","习水县",63,0.096476896998403,100,"三线"
"遵义市","仁怀市",92,0.124370847160163,130,"三线"
"遵义市","播州区",117,0.05924294124793,60,"三线"
"遵义市","桐梓县",81,0.0835286723593954,90,"三线"
"遵义市","汇川区",146,0.11454257393974,120,"三线"
"遵义市","湄潭县",50,0.0757070747445987,80,"三线"
"遵义市","红花岗区",273,0.113186656466977,120,"三线"
"遵义市","绥阳县",35,0.094670727595961,100,"三线"
"邢台市","临城县",33,0.0652203991194598,70,"三线"
"邢台市","临西县",135,0.0439182745082878,50,"三线"
"邢台市","任泽区",39,0.0865296147872529,90,"三线"
"邢台市","信都区",188,0.0648774982993097,70,"三线"
"邢台市","内丘县",57,0.0728783873864537,80,"三线"
"邢台市","南和区",44,0.0725768014802465,80,"三线"
"邢台市","南宫市",82,0.0831353152834547,90,"三线"
"邢台市","威县",117,0.05924294124793,60,"三线"
"邢台市","宁晋县",138,0.0695127999417379,70,"三线"
"邢台市","巨鹿县",60,0.0664762513248924,70,"三线"
"邢台市","平乡县",41,0.085519629179589,90,"三线"
"邢台市","广宗县",54,0.0740643775187187,80,"三线"
"邢台市","新河县",63,0.0809608498362889,80,"三线"
"邢台市","柏乡县",36,0.0820786432987049,90,"三线"
"邢台市","桥东区",92,0.0524116452162791,50,"三线"
"邢台市","桥西区",121,0.0821714043304294,90,"三线"
"邢台市","沙河市",110,0.0734502471331664,80,"三线"
"邢台市","清河县",158,0.075095439006505,80,"三线"
"邢台市","襄都区",144,0.0716375566253246,80,"三线"
"邢台市","隆尧县",89,0.0576874344145204,60,"三线"
"邯郸市","丛台区",428,0.0799745295134322,80,"三线"
"邯郸市","临漳县",121,0.0583001385852255,60,"三线"
"邯郸市","复兴区",143,0.0865329806849618,90,"三线"
"邯郸市","大名县",65,0.0750128983366784,80,"三线"
"邯郸市","峰峰矿区",109,0.0737571232365923,80,"三线"
"邯郸市","广平县",67,0.0742526897997878,80,"三线"
"邯郸市","成安县",73,0.0769794600602588,80,"三线"
"邯郸市","曲周县",69,0.0634750392683649,70,"三线"
"邯郸市","武安市",235,0.0592684865562095,60,"三线"
"邯郸市","永年区",112,0.0480863279836361,50,"三线"
"邯郸市","涉县",113,0.0766540892623454,80,"三线"
"邯郸市","磁县",97,0.0644545890832414,70,"三线"
"邯郸市","肥乡区",48,0.0765560552108655,80,"三线"
"邯郸市","邯山区",314,0.0824885406661522,90,"三线"
"邯郸市","邱县",32,0.0779413299759505,80,"三线"
"邯郸市","馆陶县",37,0.0636614843813878,70,"三线"
"邯郸市","魏县",97,0.0644545890832414,70,"三线"
"邯郸市","鸡泽县",46,0.0660830946262242,70,"三线"
"邵阳市","北塔区",56,0.0766959862839185,80,"四线"
"邵阳市","双清区",79,0.111260371587741,120,"四线"
"邵阳市","大祥区",100,0.122823440194708,130,"四线"
"邵阳市","新宁县",47,0.0749495005581147,80,"四线"
"邵阳市","新邵县",76,0.0983394025156364,100,"四线"
"邵阳市","武冈市",90,0.0739382442360466,80,"四线"
"邵阳市","洞口县",87,0.0795597062798661,80,"四线"
"邵阳市","绥宁县",31,0.0761840479048706,80,"四线"
"邵阳市","邵东县",151,0.0650160873585858,70,"四线"
"邵阳市","邵东市",66,0.0931618358013074,100,"四线"
"邵阳市","邵阳县",79,0.0825999884942484,90,"四线"
"邵阳市","隆回县",129,0.0589638147915804,60,"四线"
"郑州市","上街区",158,0.0953391923320016,100,"新一线"
"郑州市","中原区",1028,0.0910700984006284,100,"新一线"
"郑州市","中牟县",484,0.096835775669437,100,"新一线"
"郑州市","二七区",802,0.0895490381992331,90,"新一线"
"郑州市","巩义市",268,0.0941158627425719,100,"新一线"
"郑州市","惠济区",492,0.0827364563262653,90,"新一线"
"郑州市","新密市",353,0.0775649619447281,80,"新一线"
"郑州市","新郑市",894,0.113721959241477,120,"新一线"
"郑州市","登封市",204,0.0702587447397065,70,"新一线"
"郑州市","管城回族区",830,0.0952684500260888,100,"新一线"
"郑州市","经济技术开发区",235,0.119039546869204,120,"新一线"
"郑州市","荥阳市",343,0.0623027296727996,70,"新一线"
"郑州市","金水区",1750,0.111410686744495,120,"新一线"
"郑州市","高新技术开发区",511,0.0911998888504457,100,"新一线"
"郴州市","北湖区",167,0.0917851824457737,100,"四线"
"郴州市","嘉禾县",63,0.0739192763564908,80,"四线"
"郴州市","宜章县",34,0.0687087482514661,70,"四线"
"郴州市","桂阳县",72,0.0953413904288286,100,"四线"
"郴州市","永兴县",41,0.0834100323220406,90,"四线"
"郴州市","汝城县",73,0.0948725326563948,100,"四线"
"郴州市","苏仙区",147,0.0695593448519382,70,"四线"
"郴州市","资兴市",39,0.102110082345849,110,"四线"
"鄂尔多斯市","东胜区",251,0.110901686511386,120,"四线"
"鄂尔多斯市","乌审旗",35,0.0743410513275569,80,"四线"
"鄂尔多斯市","伊金霍洛旗",94,0.112736177527799,120,"四线"
"鄂尔多斯市","准格尔旗",108,0.122896494983681,130,"四线"
"鄂尔多斯市","康巴什区",82,0.147362483102732,150,"四线"
"鄂尔多斯市","杭锦旗",62,0.0899002892277869,90,"四线"
"鄂尔多斯市","达拉特旗",143,0.0815522433492457,90,"四线"
"鄂尔多斯市","鄂托克旗",46,0.103727504024544,110,"四线"
"鄂州市","华容区",81,0.110207508450418,120,"四线"
"鄂州市","鄂城区",103,0.0783899724458813,80,"四线"
"酒泉市","肃州区",79,0.081694917363881,90,"五线"
"重庆市","万州区",158,0.102275250563281,110,"新一线"
"重庆市","九龙坡区",369,0.0971083594061851,100,"新一线"
"重庆市","北碚区",160,0.115347311357442,120,"新一线"
"重庆市","南岸区",328,0.0992496194932991,100,"新一线"
"重庆市","南川区",43,0.118206501069863,120,"新一线"
"重庆市","合川区",94,0.122536682398733,130,"新一线"
"重庆市","大渡口区",87,0.117281321866415,120,"新一线"
"重庆市","大足区",80,0.102168140283213,110,"新一线"
"重庆市","巴南区",251,0.0930668730812262,100,"新一线"
"重庆市","开州区",65,0.104894154996107,110,"新一线"
"重庆市","梁平区",48,0.103678559051731,110,"新一线"
"重庆市","永川区",143,0.11154594864332,120,"新一线"
"重庆市","江北区",263,0.100396758978193,110,"新一线"
"重庆市","江津区",165,0.113394577159818,120,"新一线"
"重庆市","沙坪坝区",410,0.111947970352266,120,"新一线"
"重庆市","涪陵区",94,0.109164612469312,110,"新一线"
"重庆市","渝中区",128,0.0986687132068431,100,"新一线"
"重庆市","渝北区",652,0.141229805190348,150,"新一线"
"重庆市","潼南区",58,0.151267087984448,160,"新一线"
"重庆市","璧山区",88,0.0892651488797715,90,"新一线"
"重庆市","綦江区",100,0.115003652002169,120,"新一线"
"重庆市","荣昌区",83,0.105418674082596,110,"新一线"
"重庆市","铜梁区",76,0.113840994241135,120,"新一线"
"重庆市","长寿区",68,0.103307639749149,110,"新一线"
"重庆市","黔江区",31,0.108404582892643,110,"新一线"
"金华市","东阳市",577,0.124464294798418,130,"二线"
"金华市","义乌市",1015,0.141476273031716,150,"二线"
"金华市","兰溪市",168,0.100686363155158,110,"二线"
"金华市","婺城区",457,0.134570251093122,140,"二线"
"金华市","武义县",132,0.114502767790329,120,"二线"
"金华市","永康市",675,0.137877746182719,140,"二线"
"金华市","浦江县",181,0.102905991368614,110,"二线"
"金华市","磐安县",58,0.101087216158476,110,"二线"
"金华市","金东区",226,0.0955234101976519,100,"二线"
"金昌市","金川区",55,0.0922732659720701,100,"五线"
"钦州市","浦北县",146,0.0618881692280401,60,"五线"
"钦州市","钦北区",35,0.0852908217361182,90,"五线"
"钦州市","钦南区",109,0.0798112704619553,80,"五线"
"铁岭市","开原市",34,0.0918944275700859,100,"五线"
"铁岭市","银州区",46,0.0743000722400614,80,"五线"
"铜仁市","碧江区",47,0.0975039989663755,100,"四线"
"铜川市","耀州区",70,0.0753821795491692,80,"五线"
"铜陵市","义安区",41,0.100918239370236,110,"四线"
"铜陵市","枞阳县",37,0.0734525918722105,80,"四线"
"铜陵市","铜官区",67,0.107891323907906,110,"四线"
"银川市","兴庆区",355,0.124969318914614,130,"三线"
"银川市","永宁县",45,0.077865838532838,80,"三线"
"银川市","灵武市",43,0.0729954778542228,80,"三线"
"银川市","西夏区",141,0.0650589714677714,70,"三线"
"银川市","贺兰县",99,0.0813332504082194,90,"三线"
"银川市","金凤区",377,0.133347538982086,140,"三线"
"锡林郭勒盟","锡林浩特市",80,0.0717984942741446,80,"五线"
"锦州市","凌河区",49,0.0796894474028782,80,"四线"
"锦州市","太和区",41,0.065901825273845,70,"四线"
"镇江市","丹徒区",90,0.107346618801736,110,"三线"
"镇江市","丹阳市",180,0.124549244996819,130,"三线"
"镇江市","京口区",159,0.0782919493622361,80,"三线"
"镇江市","句容市",120,0.0745107601079303,80,"三线"
"镇江市","扬中市",89,0.116953930321579,120,"三线"
"镇江市","润州区",66,0.0950028286288633,100,"三线"
"长春市","九台区",59,0.0847095215492777,90,"二线"
"长春市","二道区",238,0.103270750819183,110,"二线"
"长春市","公主岭市",42,0.0930650584983275,100,"二线"
"长春市","农安县",46,0.0909541199947826,100,"二线"
"长春市","南关区",515,0.124025440678183,130,"二线"
"长春市","双阳区",42,0.0930650584983275,100,"二线"
"长春市","宽城区",280,0.0951377276347675,100,"二线"
"长春市","德惠市",59,0.0952720716922475,100,"二线"
"长春市","朝阳区",486,0.1071465693003,110,"二线"
"长春市","榆树市",49,0.1061599455014,110,"二线"
"长春市","经济技术开发区",117,0.0971892872446155,100,"二线"
"长春市","绿园区",383,0.099424903465071,100,"二线"
"长沙市","天心区",1075,0.109919178790802,120,"新一线"
"长沙市","宁乡市",514,0.079911583065304,80,"新一线"
"长沙市","岳麓区",1277,0.0976950014690667,100,"新一线"
"长沙市","开福区",453,0.11569571007977,120,"新一线"
"长沙市","望城区",505,0.110948428416158,120,"新一线"
"长沙市","浏阳市",667,0.0733567653329281,80,"新一线"
"长沙市","芙蓉区",375,0.0919977246255761,100,"新一线"
"长沙市","长沙县",828,0.0819022612869988,90,"新一线"
"长沙市","雨花区",1251,0.0988099050271267,100,"新一线"
"长治市","城区",161,0.107404674459741,110,"四线"
"长治市","沁源县",51,0.0898390985588648,90,"四线"
"长治市","潞州区",195,0.105401408713975,110,"四线"
"长治市","襄垣县",57,0.0922995725603847,100,"四线"
"长治市","长子县",43,0.0824476914865787,90,"四线"
"长治市","长治县",76,0.0741085167026788,80,"四线"
"阜新市","海州区",51,0.0722515251165576,80,"五线"
"阜新市","细河区",67,0.0917296624109312,100,"五线"
"阜阳市","临泉县",169,0.0623141707175665,70,"三线"
"阜阳市","太和县",216,0.0856179836455287,90,"三线"
"阜阳市","界首市",103,0.0627972910536901,70,"三线"
"阜阳市","阜南县",117,0.0511571743391058,50,"三线"
"阜阳市","颍上县",132,0.109219862014241,110,"三线"
"阜阳市","颍东区",97,0.07325166722543,80,"三线"
"阜阳市","颍州区",382,0.0910584529224331,100,"三线"
"阜阳市","颍泉区",106,0.070462287119044,70,"三线"
"防城港市","港口区",55,0.0976685162466738,100,"五线"
"防城港市","防城区",51,0.0943085386482274,100,"五线"
"阳江市","江城区",397,0.0574424246672875,60,"四线"
"阳江市","阳东区",77,0.0785739107733052,80,"四线"
"阳江市","阳春市",170,0.0642326445105675,70,"四线"
"阳江市","阳西县",77,0.0833967157684696,90,"四线"
"阳泉市","城区",102,0.0951274153077094,100,"五线"
"阳泉市","平定县",44,0.0751523903766385,80,"五线"
"阳泉市","矿区",82,0.0805407529468337,80,"五线"
"阳泉市","郊区",46,0.0799706712210493,80,"五线"
"阿克苏地区","库车县",73,0.0742700648435104,80,"五线"
"阿克苏地区","阿克苏市",266,0.141548979127046,150,"五线"
"阿勒泰地区","阿勒泰市",54,0.109047354565546,110,"五线"
"阿坝藏族羌族自治州","茂县",34,0.0675558606101115,70,"五线"
"阿坝藏族羌族自治州","金川县",39,0.0773712620377443,80,"五线"
"阿拉善盟","阿拉善左旗",195,0.0925245129760746,100,"五线"
"陇南市","武都区",50,0.0781969764413507,80,"五线"
"随州市","广水市",76,0.09257499581755,100,"五线"
"随州市","曾都区",107,0.0889102331577847,90,"五线"
"随州市","随县",33,0.0802132127525114,80,"五线"
"雅安市","名山区",37,0.0962226286423717,100,"五线"
"雅安市","雨城区",49,0.0953602194738867,100,"五线"
"青岛市","即墨区",892,0.0924253444548936,100,"新一线"
"青岛市","城阳区",1157,0.113015953460796,120,"新一线"
"青岛市","崂山区",374,0.102093919254448,110,"新一线"
"青岛市","市北区",940,0.113505945310512,120,"新一线"
"青岛市","市南区",377,0.10937435928293,110,"新一线"
"青岛市","平度市",577,0.0756217161015816,80,"新一线"
"青岛市","李沧区",672,0.133970368445163,140,"新一线"
"青岛市","胶州市",1130,0.0908406776470956,100,"新一线"
"青岛市","莱西市",309,0.0876090640704886,90,"新一线"
"青岛市","黄岛区",1707,0.0982344470466644,100,"新一线"
"鞍山市","海城市",110,0.0817715072355038,90,"三线"
"鞍山市","立山区",67,0.0742526897997878,80,"三线"
"鞍山市","铁东区",101,0.0763076377915286,80,"三线"
"鞍山市","铁西区",49,0.0761291981282121,80,"三线"
"韶关市","乐昌市",50,0.101426898945328,110,"四线"
"韶关市","南雄市",99,0.0884775151133029,90,"四线"
"韶关市","始兴县",40,0.0721590193067157,80,"四线"
"韶关市","曲江区",40,0.0897700052845188,90,"四线"
"韶关市","武江区",169,0.10453431359967,110,"四线"
"韶关市","浈江区",137,0.0908633714362165,100,"四线"
"韶关市","翁源县",52,0.0728943803267997,80,"四线"
"马鞍山市","博望区",52,0.0803607307033603,80,"三线"
"马鞍山市","含山县",55,0.0898505324893838,90,"三线"
"马鞍山市","和县",53,0.118101154434187,120,"三线"
"马鞍山市","当涂县",55,0.0898505324893838,90,"三线"
"马鞍山市","花山区",99,0.103134161445723,110,"三线"
"马鞍山市","雨山区",84,0.0916902238555727,100,"三线"
"驻马店市","上蔡县",73,0.0720617871552918,80,"三线"
"驻马店市","平舆县",114,0.0845254212556172,90,"三线"
"驻马店市","新蔡县",77,0.0851400423525727,90,"三线"
"驻马店市","正阳县",62,0.0709839484923999,70,"三线"
"驻马店市","汝南县",37,0.099514869804945,100,"三线"
"驻马店市","泌阳县",178,0.0540091849125348,60,"三线"
"驻马店市","西平县",92,0.0659039955807573,70,"三线"
"驻马店市","遂平县",104,0.0710636340297339,70,"三线"
"驻马店市","驿城区",372,0.0669926452915504,70,"三线"
"鸡西市","密山市",74,0.0788002240218995,80,"五线"
"鸡西市","虎林市",76,0.0780364643297754,80,"五线"
"鸡西市","鸡东县",40,0.0886577246193358,90,"五线"
"鸡西市","鸡冠区",160,0.131230995158743,140,"五线"
"鹤壁市","浚县",41,0.0939763810357153,100,"五线"
"鹤壁市","淇县",36,0.0787666108736196,80,"五线"
"鹤壁市","淇滨区",148,0.0794065991095379,80,"五线"
"鹤岗市","工农区",32,0.0991860929929842,100,"五线"
"鹤岗市","绥滨县",64,0.0571277955335865,60,"五线"
"鹰潭市","月湖区",77,0.0969513296604581,100,"五线"
"鹰潭市","贵溪市",86,0.0790516580912966,80,"五线"
"黄冈市","武穴市",152,0.062524339931866,70,"三线"
"黄冈市","浠水县",101,0.0633401721945707,70,"三线"
"黄冈市","红安县",72,0.0724179147726032,80,"三线"
"黄冈市","罗田县",49,0.07055345259799,70,"三线"
"黄冈市","英山县",49,0.0817049436584342,90,"三线"
"黄冈市","蕲春县",146,0.0566446060280587,60,"三线"
"黄冈市","麻城市",179,0.0602998008912648,60,"三线"
"黄冈市","黄州区",185,0.103547869562865,110,"三线"
"黄冈市","黄梅县",109,0.0737571232365923,80,"三线"
"黄山市","屯溪区",58,0.113046785151312,120,"四线"
"黄石市","下陆区",50,0.112516556895027,120,"四线"
"黄石市","大冶市",90,0.0875530584966255,90,"四线"
"黄石市","西塞山区",46,0.0810451081005929,80,"四线"
"黄石市","阳新县",93,0.0684677964838942,70,"四线"
"黄石市","黄石港区",73,0.109625551371296,110,"四线"
"黔东南苗族侗族自治州","丹寨县",40,0.0780293479659834,80,"四线"
"黔东南苗族侗族自治州","凯里市",83,0.0951128659246478,100,"四线"
"黔东南苗族侗族自治州","黄平县",33,0.0813731582466359,90,"四线"
"黔南布依族苗族自治州","独山县",32,0.0941935836326624,100,"四线"
"黔南布依族苗族自治州","瓮安县",59,0.0913246536970409,100,"四线"
"黔南布依族苗族自治州","福泉市",31,0.082381823374823,90,"四线"
"黔南布依族苗族自治州","都匀市",292,0.0906649035134782,90,"四线"
"黔西南布依族苗族自治州","兴义市",954,0.0572719023556911,60,"五线"
"齐齐哈尔市","建华区",69,0.0817271433758123,90,"四线"
"齐齐哈尔市","龙沙区",63,0.0842633077979002,90,"四线"
"龙岩市","上杭县",69,0.0867434913141319,90,"四线"
"龙岩市","新罗区",360,0.145390883582506,150,"四线"
"龙岩市","武平县",44,0.0819748005414267,90,"四线"
"龙岩市","永定区",62,0.084701384691088,90,"四线"
"龙岩市","漳平市",80,0.0964693718486662,100,"四线"
"龙岩市","连城县",57,0.0816242639347648,90,"四线"
"龙岩市","长汀县",58,0.0705722649547445,70,"四线"
